n_sudoku,backtracks,algorithm
0,4,-S3
1,6,-S3
2,4,-S3
3,4,-S3
4,0,-S3
5,4,-S3
6,7,-S3
7,1,-S3
8,1,-S3
9,5,-S3
10,4,-S3
11,7,-S3
12,0,-S3
13,3,-S3
14,10,-S3
15,6,-S3
16,9,-S3
17,5,-S3
18,6,-S3
19,0,-S3
20,3,-S3
21,1,-S3
22,5,-S3
23,3,-S3
24,7,-S3
25,8,-S3
26,5,-S3
27,8,-S3
28,2,-S3
29,1,-S3
30,2,-S3
31,5,-S3
32,3,-S3
33,4,-S3
34,8,-S3
35,7,-S3
36,5,-S3
37,5,-S3
38,8,-S3
39,8,-S3
40,4,-S3
41,2,-S3
42,4,-S3
43,7,-S3
44,3,-S3
45,3,-S3
46,1,-S3
47,3,-S3
48,1,-S3
49,6,-S3
50,8,-S3
51,1,-S3
52,5,-S3
53,1,-S3
54,1,-S3
55,5,-S3
56,5,-S3
57,7,-S3
58,7,-S3
59,5,-S3
60,3,-S3
61,3,-S3
62,7,-S3
63,6,-S3
64,0,-S3
65,7,-S3
66,0,-S3
67,6,-S3
68,3,-S3
69,1,-S3
70,10,-S3
71,5,-S3
72,3,-S3
73,7,-S3
74,2,-S3
75,1,-S3
76,1,-S3
77,0,-S3
78,2,-S3
79,5,-S3
80,8,-S3
81,0,-S3
82,2,-S3
83,3,-S3
84,4,-S3
85,2,-S3
86,5,-S3
87,9,-S3
88,2,-S3
89,0,-S3
90,3,-S3
91,5,-S3
92,1,-S3
93,17,-S3
94,3,-S3
95,1,-S3
96,5,-S3
97,3,-S3
98,7,-S3
99,5,-S3
100,6,-S3
101,5,-S3
102,1,-S3
103,1,-S3
104,8,-S3
105,6,-S3
106,9,-S3
107,3,-S3
108,7,-S3
109,5,-S3
110,3,-S3
111,0,-S3
112,0,-S3
113,1,-S3
114,1,-S3
115,1,-S3
116,0,-S3
117,3,-S3
118,7,-S3
119,2,-S3
120,3,-S3
121,7,-S3
122,0,-S3
123,1,-S3
124,4,-S3
125,6,-S3
126,2,-S3
127,7,-S3
128,9,-S3
129,4,-S3
130,3,-S3
131,2,-S3
132,2,-S3
133,4,-S3
134,9,-S3
135,0,-S3
136,2,-S3
137,2,-S3
138,1,-S3
139,9,-S3
140,11,-S3
141,4,-S3
142,7,-S3
143,6,-S3
144,5,-S3
145,5,-S3
146,4,-S3
147,3,-S3
148,2,-S3
149,5,-S3
150,4,-S3
151,6,-S3
152,7,-S3
153,5,-S3
154,3,-S3
155,3,-S3
156,2,-S3
157,6,-S3
158,6,-S3
159,6,-S3
160,2,-S3
161,5,-S3
162,5,-S3
163,4,-S3
164,6,-S3
165,9,-S3
166,3,-S3
167,7,-S3
168,6,-S3
169,3,-S3
170,4,-S3
171,7,-S3
172,7,-S3
173,7,-S3
174,5,-S3
175,1,-S3
176,4,-S3
177,2,-S3
178,9,-S3
179,3,-S3
180,1,-S3
181,8,-S3
182,5,-S3
183,3,-S3
184,0,-S3
185,5,-S3
186,3,-S3
187,3,-S3
188,8,-S3
189,7,-S3
190,5,-S3
191,3,-S3
192,0,-S3
193,3,-S3
194,2,-S3
195,3,-S3
196,4,-S3
197,5,-S3
198,4,-S3
199,4,-S3
200,6,-S3
201,0,-S3
202,2,-S3
203,1,-S3
204,4,-S3
205,1,-S3
206,2,-S3
207,2,-S3
208,4,-S3
209,7,-S3
210,2,-S3
211,0,-S3
212,1,-S3
213,0,-S3
214,1,-S3
215,1,-S3
216,2,-S3
217,0,-S3
218,0,-S3
219,4,-S3
220,2,-S3
221,1,-S3
222,3,-S3
223,1,-S3
224,3,-S3
225,3,-S3
226,4,-S3
227,4,-S3
228,2,-S3
229,0,-S3
230,1,-S3
231,2,-S3
232,7,-S3
233,2,-S3
234,2,-S3
235,5,-S3
236,4,-S3
237,4,-S3
238,2,-S3
239,2,-S3
240,1,-S3
241,4,-S3
242,3,-S3
243,1,-S3
244,4,-S3
245,4,-S3
246,1,-S3
247,5,-S3
248,2,-S3
249,3,-S3
250,2,-S3
251,2,-S3
252,6,-S3
253,4,-S3
254,1,-S3
255,6,-S3
256,0,-S3
257,0,-S3
258,1,-S3
259,2,-S3
260,0,-S3
261,7,-S3
262,8,-S3
263,1,-S3
264,8,-S3
265,1,-S3
266,0,-S3
267,0,-S3
268,2,-S3
269,4,-S3
270,0,-S3
271,5,-S3
272,0,-S3
273,5,-S3
274,3,-S3
275,7,-S3
276,0,-S3
277,1,-S3
278,2,-S3
279,4,-S3
280,4,-S3
281,9,-S3
282,5,-S3
283,5,-S3
284,2,-S3
285,4,-S3
286,3,-S3
287,4,-S3
288,2,-S3
289,3,-S3
290,10,-S3
291,0,-S3
292,3,-S3
293,2,-S3
294,4,-S3
295,4,-S3
296,4,-S3
297,6,-S3
298,5,-S3
299,9,-S3
300,7,-S3
301,2,-S3
302,7,-S3
303,4,-S3
304,2,-S3
305,3,-S3
306,5,-S3
307,8,-S3
308,3,-S3
309,3,-S3
310,5,-S3
311,6,-S3
312,1,-S3
313,1,-S3
314,2,-S3
315,8,-S3
316,1,-S3
317,3,-S3
318,4,-S3
319,1,-S3
320,2,-S3
321,3,-S3
322,3,-S3
323,1,-S3
324,3,-S3
325,1,-S3
326,1,-S3
327,5,-S3
328,6,-S3
329,6,-S3
330,4,-S3
331,2,-S3
332,6,-S3
333,3,-S3
334,7,-S3
335,4,-S3
336,1,-S3
337,4,-S3
338,7,-S3
339,8,-S3
340,6,-S3
341,2,-S3
342,4,-S3
343,2,-S3
344,3,-S3
345,4,-S3
346,7,-S3
347,7,-S3
348,7,-S3
349,1,-S3
350,3,-S3
351,3,-S3
352,5,-S3
353,1,-S3
354,9,-S3
355,3,-S3
356,2,-S3
357,3,-S3
358,6,-S3
359,11,-S3
360,1,-S3
361,3,-S3
362,4,-S3
363,1,-S3
364,2,-S3
365,2,-S3
366,0,-S3
367,0,-S3
368,0,-S3
369,5,-S3
370,3,-S3
371,5,-S3
372,4,-S3
373,5,-S3
374,4,-S3
375,4,-S3
376,0,-S3
377,6,-S3
378,0,-S3
379,5,-S3
380,4,-S3
381,9,-S3
382,1,-S3
383,4,-S3
384,4,-S3
385,5,-S3
386,3,-S3
387,1,-S3
388,3,-S3
389,2,-S3
390,2,-S3
391,0,-S3
392,3,-S3
393,3,-S3
394,2,-S3
395,2,-S3
396,1,-S3
397,4,-S3
398,10,-S3
399,0,-S3
400,0,-S3
401,4,-S3
402,3,-S3
403,6,-S3
404,2,-S3
405,2,-S3
406,0,-S3
407,5,-S3
408,0,-S3
409,1,-S3
410,5,-S3
411,1,-S3
412,8,-S3
413,4,-S3
414,4,-S3
415,2,-S3
416,1,-S3
417,3,-S3
418,5,-S3
419,2,-S3
420,3,-S3
421,7,-S3
422,2,-S3
423,4,-S3
424,2,-S3
425,2,-S3
426,0,-S3
427,5,-S3
428,8,-S3
429,2,-S3
430,1,-S3
431,3,-S3
432,5,-S3
433,7,-S3
434,3,-S3
435,6,-S3
436,2,-S3
437,3,-S3
438,5,-S3
439,0,-S3
440,4,-S3
441,6,-S3
442,5,-S3
443,5,-S3
444,3,-S3
445,5,-S3
446,0,-S3
447,3,-S3
448,7,-S3
449,10,-S3
450,3,-S3
451,5,-S3
452,5,-S3
453,4,-S3
454,6,-S3
455,5,-S3
456,4,-S3
457,5,-S3
458,1,-S3
459,4,-S3
460,3,-S3
461,2,-S3
462,1,-S3
463,6,-S3
464,1,-S3
465,3,-S3
466,5,-S3
467,4,-S3
468,3,-S3
469,1,-S3
470,1,-S3
471,4,-S3
472,0,-S3
473,4,-S3
474,4,-S3
475,0,-S3
476,4,-S3
477,0,-S3
478,8,-S3
479,0,-S3
480,1,-S3
481,0,-S3
482,3,-S3
483,9,-S3
484,1,-S3
485,2,-S3
486,2,-S3
487,3,-S3
488,7,-S3
489,0,-S3
490,1,-S3
491,0,-S3
492,4,-S3
493,2,-S3
494,0,-S3
495,5,-S3
496,0,-S3
497,2,-S3
498,8,-S3
499,6,-S3
500,3,-S3
501,0,-S3
502,6,-S3
503,0,-S3
504,3,-S3
505,2,-S3
506,2,-S3
507,11,-S3
508,1,-S3
509,5,-S3
510,5,-S3
511,8,-S3
512,0,-S3
513,5,-S3
514,3,-S3
515,1,-S3
516,2,-S3
517,4,-S3
518,3,-S3
519,8,-S3
520,3,-S3
521,3,-S3
522,2,-S3
523,0,-S3
524,2,-S3
525,4,-S3
526,5,-S3
527,0,-S3
528,2,-S3
529,5,-S3
530,0,-S3
531,0,-S3
532,1,-S3
533,4,-S3
534,5,-S3
535,1,-S3
536,3,-S3
537,1,-S3
538,1,-S3
539,3,-S3
540,1,-S3
541,6,-S3
542,1,-S3
543,1,-S3
544,3,-S3
545,4,-S3
546,7,-S3
547,0,-S3
548,1,-S3
549,7,-S3
550,2,-S3
551,2,-S3
552,5,-S3
553,3,-S3
554,5,-S3
555,1,-S3
556,1,-S3
557,2,-S3
558,2,-S3
559,3,-S3
560,0,-S3
561,1,-S3
562,4,-S3
563,0,-S3
564,3,-S3
565,3,-S3
566,2,-S3
567,4,-S3
568,8,-S3
569,0,-S3
570,6,-S3
571,8,-S3
572,1,-S3
573,5,-S3
574,4,-S3
575,5,-S3
576,6,-S3
577,2,-S3
578,13,-S3
579,2,-S3
580,3,-S3
581,2,-S3
582,2,-S3
583,5,-S3
584,6,-S3
585,1,-S3
586,4,-S3
587,5,-S3
588,0,-S3
589,9,-S3
590,3,-S3
591,0,-S3
592,9,-S3
593,1,-S3
594,2,-S3
595,5,-S3
596,7,-S3
597,3,-S3
598,0,-S3
599,1,-S3
600,4,-S3
601,2,-S3
602,4,-S3
603,6,-S3
604,1,-S3
605,2,-S3
606,0,-S3
607,6,-S3
608,3,-S3
609,5,-S3
610,3,-S3
611,4,-S3
612,6,-S3
613,4,-S3
614,4,-S3
615,2,-S3
616,12,-S3
617,4,-S3
618,4,-S3
619,8,-S3
620,9,-S3
621,6,-S3
622,1,-S3
623,5,-S3
624,5,-S3
625,4,-S3
626,2,-S3
627,0,-S3
628,2,-S3
629,5,-S3
630,3,-S3
631,2,-S3
632,2,-S3
633,5,-S3
634,6,-S3
635,2,-S3
636,0,-S3
637,2,-S3
638,0,-S3
639,8,-S3
640,6,-S3
641,3,-S3
642,3,-S3
643,2,-S3
644,3,-S3
645,1,-S3
646,3,-S3
647,4,-S3
648,5,-S3
649,5,-S3
650,5,-S3
651,6,-S3
652,1,-S3
653,1,-S3
654,3,-S3
655,4,-S3
656,1,-S3
657,3,-S3
658,4,-S3
659,4,-S3
660,5,-S3
661,7,-S3
662,4,-S3
663,4,-S3
664,3,-S3
665,3,-S3
666,4,-S3
667,1,-S3
668,1,-S3
669,7,-S3
670,7,-S3
671,3,-S3
672,6,-S3
673,3,-S3
674,4,-S3
675,5,-S3
676,1,-S3
677,2,-S3
678,6,-S3
679,2,-S3
680,2,-S3
681,4,-S3
682,4,-S3
683,2,-S3
684,5,-S3
685,0,-S3
686,2,-S3
687,3,-S3
688,4,-S3
689,5,-S3
690,2,-S3
691,7,-S3
692,3,-S3
693,2,-S3
694,2,-S3
695,0,-S3
696,4,-S3
697,4,-S3
698,1,-S3
699,3,-S3
700,1,-S3
701,3,-S3
702,0,-S3
703,5,-S3
704,3,-S3
705,0,-S3
706,1,-S3
707,0,-S3
708,1,-S3
709,0,-S3
710,0,-S3
711,2,-S3
712,4,-S3
713,2,-S3
714,3,-S3
715,2,-S3
716,1,-S3
717,4,-S3
718,2,-S3
719,6,-S3
720,0,-S3
721,4,-S3
722,3,-S3
723,0,-S3
724,0,-S3
725,6,-S3
726,0,-S3
727,0,-S3
728,4,-S3
729,2,-S3
730,4,-S3
731,0,-S3
732,4,-S3
733,0,-S3
734,3,-S3
735,1,-S3
736,7,-S3
737,0,-S3
738,1,-S3
739,0,-S3
740,3,-S3
741,1,-S3
742,0,-S3
743,0,-S3
744,8,-S3
745,7,-S3
746,3,-S3
747,5,-S3
748,2,-S3
749,3,-S3
750,2,-S3
751,0,-S3
752,3,-S3
753,2,-S3
754,3,-S3
755,0,-S3
756,2,-S3
757,0,-S3
758,6,-S3
759,2,-S3
760,6,-S3
761,0,-S3
762,1,-S3
763,1,-S3
764,0,-S3
765,2,-S3
766,7,-S3
767,3,-S3
768,3,-S3
769,2,-S3
770,2,-S3
771,1,-S3
772,5,-S3
773,2,-S3
774,3,-S3
775,4,-S3
776,1,-S3
777,5,-S3
778,3,-S3
779,1,-S3
780,6,-S3
781,2,-S3
782,3,-S3
783,1,-S3
784,7,-S3
785,3,-S3
786,0,-S3
787,2,-S3
788,0,-S3
789,6,-S3
790,4,-S3
791,0,-S3
792,4,-S3
793,4,-S3
794,6,-S3
795,0,-S3
796,1,-S3
797,0,-S3
798,4,-S3
799,0,-S3
800,4,-S3
801,1,-S3
802,1,-S3
803,5,-S3
804,5,-S3
805,7,-S3
806,4,-S3
807,4,-S3
808,1,-S3
809,2,-S3
810,0,-S3
811,5,-S3
812,3,-S3
813,0,-S3
814,2,-S3
815,1,-S3
816,9,-S3
817,4,-S3
818,1,-S3
819,2,-S3
820,5,-S3
821,6,-S3
822,1,-S3
823,5,-S3
824,4,-S3
825,3,-S3
826,2,-S3
827,3,-S3
828,5,-S3
829,3,-S3
830,5,-S3
831,1,-S3
832,9,-S3
833,0,-S3
834,3,-S3
835,0,-S3
836,6,-S3
837,2,-S3
838,2,-S3
839,1,-S3
840,3,-S3
841,3,-S3
842,5,-S3
843,3,-S3
844,2,-S3
845,1,-S3
846,2,-S3
847,2,-S3
848,0,-S3
849,6,-S3
850,0,-S3
851,3,-S3
852,0,-S3
853,3,-S3
854,3,-S3
855,2,-S3
856,6,-S3
857,2,-S3
858,3,-S3
859,6,-S3
860,5,-S3
861,1,-S3
862,2,-S3
863,2,-S3
864,3,-S3
865,3,-S3
866,6,-S3
867,0,-S3
868,2,-S3
869,4,-S3
870,1,-S3
871,3,-S3
872,3,-S3
873,2,-S3
874,1,-S3
875,6,-S3
876,7,-S3
877,7,-S3
878,3,-S3
879,2,-S3
880,3,-S3
881,4,-S3
882,1,-S3
883,1,-S3
884,4,-S3
885,4,-S3
886,2,-S3
887,4,-S3
888,0,-S3
889,9,-S3
890,6,-S3
891,2,-S3
892,9,-S3
893,4,-S3
894,3,-S3
895,7,-S3
896,9,-S3
897,9,-S3
898,3,-S3
899,4,-S3
900,0,-S3
901,1,-S3
902,6,-S3
903,0,-S3
904,5,-S3
905,3,-S3
906,0,-S3
907,0,-S3
908,9,-S3
909,7,-S3
910,3,-S3
911,2,-S3
912,9,-S3
913,3,-S3
914,5,-S3
915,4,-S3
916,1,-S3
917,5,-S3
918,5,-S3
919,5,-S3
920,3,-S3
921,1,-S3
922,4,-S3
923,4,-S3
924,3,-S3
925,3,-S3
926,4,-S3
927,3,-S3
928,5,-S3
929,3,-S3
930,3,-S3
931,5,-S3
932,2,-S3
933,1,-S3
934,3,-S3
935,4,-S3
936,3,-S3
937,1,-S3
938,3,-S3
939,3,-S3
940,2,-S3
941,3,-S3
942,5,-S3
943,1,-S3
944,0,-S3
945,6,-S3
946,11,-S3
947,4,-S3
948,3,-S3
949,3,-S3
950,2,-S3
951,1,-S3
952,2,-S3
953,5,-S3
954,3,-S3
955,4,-S3
956,5,-S3
957,1,-S3
958,8,-S3
959,1,-S3
960,6,-S3
961,1,-S3
962,4,-S3
963,5,-S3
964,0,-S3
965,4,-S3
966,2,-S3
967,5,-S3
968,4,-S3
969,1,-S3
970,6,-S3
971,6,-S3
972,3,-S3
973,1,-S3
974,0,-S3
975,1,-S3
976,1,-S3
977,3,-S3
978,2,-S3
979,8,-S3
980,4,-S3
981,2,-S3
982,0,-S3
983,3,-S3
984,4,-S3
985,6,-S3
986,3,-S3
987,5,-S3
988,2,-S3
989,1,-S3
990,5,-S3
991,0,-S3
992,3,-S3
993,4,-S3
994,6,-S3
995,2,-S3
996,2,-S3
997,1,-S3
998,2,-S3
999,5,-S3
1000,0,-S3
1001,2,-S3
1002,1,-S3
1003,7,-S3
1004,1,-S3
1005,4,-S3
1006,2,-S3
1007,3,-S3
1008,0,-S3
1009,4,-S3
1010,5,-S3
1011,1,-S3
1012,4,-S3
1013,0,-S3
1014,9,-S3
1015,4,-S3
1016,2,-S3
1017,5,-S3
1018,3,-S3
1019,4,-S3
1020,0,-S3
1021,3,-S3
1022,0,-S3
1023,4,-S3
1024,3,-S3
1025,2,-S3
1026,5,-S3
1027,2,-S3
1028,6,-S3
1029,3,-S3
1030,12,-S3
1031,1,-S3
1032,6,-S3
1033,5,-S3
1034,4,-S3
1035,4,-S3
1036,3,-S3
1037,3,-S3
1038,1,-S3
1039,6,-S3
1040,1,-S3
1041,2,-S3
1042,1,-S3
1043,4,-S3
1044,4,-S3
1045,3,-S3
1046,4,-S3
1047,0,-S3
1048,3,-S3
1049,3,-S3
1050,5,-S3
1051,3,-S3
1052,7,-S3
1053,2,-S3
1054,4,-S3
1055,1,-S3
1056,3,-S3
1057,3,-S3
1058,6,-S3
1059,7,-S3
1060,6,-S3
1061,7,-S3
1062,7,-S3
1063,2,-S3
1064,3,-S3
1065,3,-S3
1066,1,-S3
1067,5,-S3
1068,3,-S3
1069,1,-S3
1070,4,-S3
1071,3,-S3
1072,2,-S3
1073,9,-S3
1074,3,-S3
1075,5,-S3
1076,6,-S3
1077,6,-S3
1078,1,-S3
1079,1,-S3
1080,4,-S3
1081,4,-S3
1082,3,-S3
1083,3,-S3
1084,5,-S3
1085,4,-S3
1086,3,-S3
1087,0,-S3
1088,6,-S3
1089,3,-S3
1090,8,-S3
1091,1,-S3
1092,13,-S3
1093,6,-S3
1094,3,-S3
1095,7,-S3
1096,5,-S3
1097,6,-S3
1098,3,-S3
1099,6,-S3
1100,4,-S3
1101,2,-S3
1102,4,-S3
1103,4,-S3
1104,4,-S3
1105,3,-S3
1106,1,-S3
1107,5,-S3
1108,3,-S3
1109,7,-S3
1110,5,-S3
1111,4,-S3
1112,2,-S3
1113,0,-S3
1114,1,-S3
1115,7,-S3
1116,3,-S3
1117,8,-S3
1118,9,-S3
1119,5,-S3
1120,1,-S3
1121,1,-S3
1122,2,-S3
1123,4,-S3
1124,7,-S3
1125,1,-S3
1126,4,-S3
1127,6,-S3
1128,2,-S3
1129,2,-S3
1130,1,-S3
1131,4,-S3
1132,4,-S3
1133,6,-S3
1134,2,-S3
1135,0,-S3
1136,1,-S3
1137,4,-S3
1138,5,-S3
1139,3,-S3
1140,1,-S3
1141,1,-S3
1142,2,-S3
1143,0,-S3
1144,0,-S3
1145,2,-S3
1146,1,-S3
1147,5,-S3
1148,2,-S3
1149,2,-S3
1150,2,-S3
1151,2,-S3
1152,1,-S3
1153,1,-S3
1154,2,-S3
1155,1,-S3
1156,0,-S3
1157,1,-S3
1158,0,-S3
1159,10,-S3
1160,3,-S3
1161,1,-S3
1162,1,-S3
1163,2,-S3
1164,3,-S3
1165,6,-S3
1166,2,-S3
1167,1,-S3
1168,0,-S3
1169,1,-S3
1170,2,-S3
1171,3,-S3
1172,0,-S3
1173,1,-S3
1174,3,-S3
1175,1,-S3
1176,3,-S3
1177,3,-S3
1178,0,-S3
1179,2,-S3
1180,7,-S3
1181,0,-S3
1182,3,-S3
1183,2,-S3
1184,1,-S3
1185,0,-S3
1186,2,-S3
1187,1,-S3
1188,0,-S3
1189,3,-S3
1190,3,-S3
1191,4,-S3
1192,0,-S3
1193,3,-S3
1194,2,-S3
1195,1,-S3
1196,1,-S3
1197,2,-S3
1198,2,-S3
1199,2,-S3
1200,7,-S3
1201,2,-S3
1202,8,-S3
1203,6,-S3
1204,1,-S3
1205,0,-S3
1206,3,-S3
1207,8,-S3
1208,0,-S3
1209,3,-S3
1210,2,-S3
1211,0,-S3
1212,5,-S3
1213,3,-S3
1214,2,-S3
1215,3,-S3
1216,5,-S3
1217,0,-S3
1218,0,-S3
1219,1,-S3
1220,1,-S3
1221,1,-S3
1222,1,-S3
1223,4,-S3
1224,4,-S3
1225,1,-S3
1226,7,-S3
1227,1,-S3
1228,1,-S3
1229,1,-S3
1230,3,-S3
1231,1,-S3
1232,1,-S3
1233,1,-S3
1234,0,-S3
1235,2,-S3
1236,0,-S3
1237,4,-S3
1238,2,-S3
1239,0,-S3
1240,3,-S3
1241,4,-S3
1242,2,-S3
1243,1,-S3
1244,6,-S3
1245,5,-S3
1246,1,-S3
1247,6,-S3
1248,4,-S3
1249,2,-S3
1250,4,-S3
1251,1,-S3
1252,5,-S3
1253,2,-S3
1254,1,-S3
1255,4,-S3
1256,2,-S3
1257,7,-S3
1258,2,-S3
1259,4,-S3
1260,7,-S3
1261,1,-S3
1262,3,-S3
1263,7,-S3
1264,4,-S3
1265,4,-S3
1266,4,-S3
1267,3,-S3
1268,4,-S3
1269,1,-S3
1270,0,-S3
1271,4,-S3
1272,0,-S3
1273,3,-S3
1274,3,-S3
1275,4,-S3
1276,6,-S3
1277,7,-S3
1278,1,-S3
1279,1,-S3
1280,1,-S3
1281,5,-S3
1282,5,-S3
1283,2,-S3
1284,1,-S3
1285,2,-S3
1286,3,-S3
1287,3,-S3
1288,3,-S3
1289,1,-S3
1290,1,-S3
1291,0,-S3
1292,4,-S3
1293,0,-S3
1294,4,-S3
1295,11,-S3
1296,3,-S3
1297,5,-S3
1298,0,-S3
1299,3,-S3
1300,1,-S3
1301,4,-S3
1302,5,-S3
1303,1,-S3
1304,1,-S3
1305,3,-S3
1306,3,-S3
1307,5,-S3
1308,7,-S3
1309,2,-S3
1310,1,-S3
1311,2,-S3
1312,6,-S3
1313,1,-S3
1314,3,-S3
1315,6,-S3
1316,2,-S3
1317,4,-S3
1318,5,-S3
1319,5,-S3
1320,0,-S3
1321,0,-S3
1322,6,-S3
1323,0,-S3
1324,1,-S3
1325,4,-S3
1326,2,-S3
1327,3,-S3
1328,6,-S3
1329,5,-S3
1330,4,-S3
1331,6,-S3
1332,2,-S3
1333,3,-S3
1334,2,-S3
1335,1,-S3
1336,4,-S3
1337,3,-S3
1338,6,-S3
1339,5,-S3
1340,1,-S3
1341,6,-S3
1342,4,-S3
1343,4,-S3
1344,2,-S3
1345,1,-S3
1346,0,-S3
1347,3,-S3
1348,2,-S3
1349,1,-S3
1350,8,-S3
1351,0,-S3
1352,9,-S3
1353,5,-S3
1354,8,-S3
1355,5,-S3
1356,4,-S3
1357,7,-S3
1358,2,-S3
1359,5,-S3
1360,2,-S3
1361,1,-S3
1362,1,-S3
1363,0,-S3
1364,3,-S3
1365,4,-S3
1366,1,-S3
1367,0,-S3
1368,5,-S3
1369,3,-S3
1370,7,-S3
1371,5,-S3
1372,3,-S3
1373,5,-S3
1374,5,-S3
1375,1,-S3
1376,4,-S3
1377,6,-S3
1378,2,-S3
1379,2,-S3
1380,5,-S3
1381,1,-S3
1382,0,-S3
1383,3,-S3
1384,0,-S3
1385,1,-S3
1386,3,-S3
1387,1,-S3
1388,3,-S3
1389,3,-S3
1390,6,-S3
1391,4,-S3
1392,3,-S3
1393,4,-S3
1394,3,-S3
1395,2,-S3
1396,4,-S3
1397,2,-S3
1398,3,-S3
1399,5,-S3
1400,5,-S3
1401,8,-S3
1402,3,-S3
1403,3,-S3
1404,3,-S3
1405,0,-S3
1406,7,-S3
1407,3,-S3
1408,5,-S3
1409,1,-S3
1410,2,-S3
1411,5,-S3
1412,7,-S3
1413,7,-S3
1414,2,-S3
1415,4,-S3
1416,5,-S3
1417,2,-S3
1418,6,-S3
1419,1,-S3
1420,2,-S3
1421,1,-S3
1422,3,-S3
1423,3,-S3
1424,12,-S3
1425,7,-S3
1426,7,-S3
1427,14,-S3
1428,0,-S3
1429,5,-S3
1430,5,-S3
1431,0,-S3
1432,3,-S3
1433,6,-S3
1434,0,-S3
1435,3,-S3
1436,1,-S3
1437,5,-S3
1438,5,-S3
1439,5,-S3
1440,8,-S3
1441,1,-S3
1442,3,-S3
1443,3,-S3
1444,4,-S3
1445,2,-S3
1446,1,-S3
1447,3,-S3
1448,1,-S3
1449,2,-S3
1450,2,-S3
1451,1,-S3
1452,9,-S3
1453,3,-S3
1454,4,-S3
1455,2,-S3
1456,3,-S3
1457,2,-S3
1458,2,-S3
1459,3,-S3
1460,1,-S3
1461,0,-S3
1462,1,-S3
1463,2,-S3
1464,1,-S3
1465,3,-S3
1466,1,-S3
1467,3,-S3
1468,4,-S3
1469,2,-S3
1470,2,-S3
1471,4,-S3
1472,7,-S3
1473,4,-S3
1474,1,-S3
1475,5,-S3
1476,4,-S3
1477,4,-S3
1478,6,-S3
1479,1,-S3
1480,3,-S3
1481,2,-S3
1482,0,-S3
1483,2,-S3
1484,5,-S3
1485,2,-S3
1486,6,-S3
1487,5,-S3
1488,4,-S3
1489,3,-S3
1490,1,-S3
1491,4,-S3
1492,10,-S3
1493,4,-S3
1494,2,-S3
1495,4,-S3
1496,4,-S3
1497,5,-S3
1498,6,-S3
1499,6,-S3
1500,2,-S3
1501,2,-S3
1502,5,-S3
1503,1,-S3
1504,1,-S3
1505,4,-S3
1506,0,-S3
1507,8,-S3
1508,6,-S3
1509,1,-S3
1510,0,-S3
1511,1,-S3
1512,2,-S3
1513,4,-S3
1514,2,-S3
1515,4,-S3
1516,2,-S3
1517,2,-S3
1518,5,-S3
1519,4,-S3
1520,4,-S3
1521,0,-S3
1522,5,-S3
1523,6,-S3
1524,2,-S3
1525,6,-S3
1526,5,-S3
1527,2,-S3
1528,4,-S3
1529,4,-S3
1530,1,-S3
1531,2,-S3
1532,3,-S3
1533,2,-S3
1534,1,-S3
1535,2,-S3
1536,4,-S3
1537,5,-S3
1538,0,-S3
1539,4,-S3
1540,5,-S3
1541,5,-S3
1542,2,-S3
1543,4,-S3
1544,5,-S3
1545,8,-S3
1546,3,-S3
1547,0,-S3
1548,8,-S3
1549,5,-S3
1550,3,-S3
1551,3,-S3
1552,2,-S3
1553,0,-S3
1554,2,-S3
1555,6,-S3
1556,3,-S3
1557,1,-S3
1558,5,-S3
1559,3,-S3
1560,6,-S3
1561,3,-S3
1562,0,-S3
1563,1,-S3
1564,6,-S3
1565,1,-S3
1566,1,-S3
1567,7,-S3
1568,8,-S3
1569,7,-S3
1570,9,-S3
1571,2,-S3
1572,2,-S3
1573,5,-S3
1574,5,-S3
1575,4,-S3
1576,5,-S3
1577,6,-S3
1578,6,-S3
1579,5,-S3
1580,6,-S3
1581,2,-S3
1582,1,-S3
1583,6,-S3
1584,5,-S3
1585,1,-S3
1586,3,-S3
1587,0,-S3
1588,0,-S3
1589,1,-S3
1590,4,-S3
1591,6,-S3
1592,7,-S3
1593,3,-S3
1594,3,-S3
1595,5,-S3
1596,2,-S3
1597,1,-S3
1598,7,-S3
1599,6,-S3
1600,2,-S3
1601,2,-S3
1602,5,-S3
1603,2,-S3
1604,0,-S3
1605,2,-S3
1606,3,-S3
1607,2,-S3
1608,2,-S3
1609,0,-S3
1610,6,-S3
1611,6,-S3
1612,2,-S3
1613,5,-S3
1614,5,-S3
1615,5,-S3
1616,5,-S3
1617,4,-S3
1618,2,-S3
1619,3,-S3
1620,8,-S3
1621,4,-S3
1622,5,-S3
1623,4,-S3
1624,2,-S3
1625,3,-S3
1626,5,-S3
1627,1,-S3
1628,0,-S3
1629,2,-S3
1630,6,-S3
1631,3,-S3
1632,7,-S3
1633,0,-S3
1634,1,-S3
1635,1,-S3
1636,4,-S3
1637,7,-S3
1638,3,-S3
1639,0,-S3
1640,5,-S3
1641,7,-S3
1642,4,-S3
1643,6,-S3
1644,9,-S3
1645,7,-S3
1646,6,-S3
1647,2,-S3
1648,6,-S3
1649,2,-S3
1650,5,-S3
1651,1,-S3
1652,3,-S3
1653,3,-S3
1654,5,-S3
1655,1,-S3
1656,2,-S3
1657,5,-S3
1658,1,-S3
1659,3,-S3
1660,2,-S3
1661,1,-S3
1662,2,-S3
1663,3,-S3
1664,2,-S3
1665,2,-S3
1666,5,-S3
1667,0,-S3
1668,2,-S3
1669,3,-S3
1670,1,-S3
1671,3,-S3
1672,1,-S3
1673,4,-S3
1674,2,-S3
1675,2,-S3
1676,0,-S3
1677,3,-S3
1678,3,-S3
1679,0,-S3
1680,2,-S3
1681,5,-S3
1682,1,-S3
1683,3,-S3
1684,2,-S3
1685,4,-S3
1686,7,-S3
1687,3,-S3
1688,4,-S3
1689,4,-S3
1690,0,-S3
1691,2,-S3
1692,3,-S3
1693,2,-S3
1694,4,-S3
1695,1,-S3
1696,0,-S3
1697,0,-S3
1698,4,-S3
1699,2,-S3
1700,0,-S3
1701,3,-S3
1702,3,-S3
1703,0,-S3
1704,3,-S3
1705,3,-S3
1706,0,-S3
1707,4,-S3
1708,1,-S3
1709,6,-S3
1710,4,-S3
1711,5,-S3
1712,1,-S3
1713,0,-S3
1714,4,-S3
1715,0,-S3
1716,3,-S3
1717,4,-S3
1718,4,-S3
1719,5,-S3
1720,1,-S3
1721,2,-S3
1722,3,-S3
1723,0,-S3
1724,2,-S3
1725,3,-S3
1726,3,-S3
1727,1,-S3
1728,4,-S3
1729,5,-S3
1730,3,-S3
1731,5,-S3
1732,2,-S3
1733,4,-S3
1734,3,-S3
1735,0,-S3
1736,3,-S3
1737,4,-S3
1738,0,-S3
1739,0,-S3
1740,3,-S3
1741,2,-S3
1742,1,-S3
1743,5,-S3
1744,4,-S3
1745,2,-S3
1746,0,-S3
1747,2,-S3
1748,2,-S3
1749,3,-S3
1750,2,-S3
1751,2,-S3
1752,3,-S3
1753,6,-S3
1754,0,-S3
1755,3,-S3
1756,2,-S3
1757,4,-S3
1758,3,-S3
1759,2,-S3
1760,3,-S3
1761,1,-S3
1762,2,-S3
1763,1,-S3
1764,0,-S3
1765,4,-S3
1766,1,-S3
1767,3,-S3
1768,0,-S3
1769,3,-S3
1770,1,-S3
1771,0,-S3
1772,0,-S3
1773,1,-S3
1774,3,-S3
1775,4,-S3
1776,3,-S3
1777,2,-S3
1778,3,-S3
1779,0,-S3
1780,1,-S3
1781,4,-S3
1782,2,-S3
1783,5,-S3
1784,5,-S3
1785,1,-S3
1786,3,-S3
1787,2,-S3
1788,1,-S3
1789,1,-S3
1790,1,-S3
1791,2,-S3
1792,2,-S3
1793,2,-S3
1794,0,-S3
1795,1,-S3
1796,2,-S3
1797,0,-S3
1798,4,-S3
1799,0,-S3
1800,1,-S3
1801,4,-S3
1802,3,-S3
1803,1,-S3
1804,0,-S3
1805,3,-S3
1806,3,-S3
1807,0,-S3
1808,5,-S3
1809,0,-S3
1810,8,-S3
1811,4,-S3
1812,2,-S3
1813,2,-S3
1814,1,-S3
1815,5,-S3
1816,2,-S3
1817,0,-S3
1818,4,-S3
1819,3,-S3
1820,0,-S3
1821,2,-S3
1822,0,-S3
1823,4,-S3
1824,2,-S3
1825,3,-S3
1826,3,-S3
1827,2,-S3
1828,3,-S3
1829,2,-S3
1830,6,-S3
1831,1,-S3
1832,0,-S3
1833,7,-S3
1834,4,-S3
1835,5,-S3
1836,4,-S3
1837,0,-S3
1838,0,-S3
1839,0,-S3
1840,2,-S3
1841,5,-S3
1842,2,-S3
1843,3,-S3
1844,5,-S3
1845,1,-S3
1846,3,-S3
1847,6,-S3
1848,3,-S3
1849,0,-S3
1850,0,-S3
1851,6,-S3
1852,4,-S3
1853,4,-S3
1854,2,-S3
1855,7,-S3
1856,6,-S3
1857,0,-S3
1858,1,-S3
1859,0,-S3
1860,1,-S3
1861,4,-S3
1862,1,-S3
1863,5,-S3
1864,1,-S3
1865,1,-S3
1866,4,-S3
1867,3,-S3
1868,7,-S3
1869,3,-S3
1870,4,-S3
1871,2,-S3
1872,0,-S3
1873,5,-S3
1874,1,-S3
1875,6,-S3
1876,3,-S3
1877,3,-S3
1878,2,-S3
1879,1,-S3
1880,5,-S3
1881,1,-S3
1882,3,-S3
1883,4,-S3
1884,4,-S3
1885,1,-S3
1886,3,-S3
1887,1,-S3
1888,3,-S3
1889,3,-S3
1890,1,-S3
1891,2,-S3
1892,4,-S3
1893,4,-S3
1894,4,-S3
1895,1,-S3
1896,3,-S3
1897,1,-S3
1898,3,-S3
1899,3,-S3
1900,3,-S3
1901,0,-S3
1902,1,-S3
1903,1,-S3
1904,3,-S3
1905,6,-S3
1906,5,-S3
1907,3,-S3
1908,0,-S3
1909,2,-S3
1910,1,-S3
1911,4,-S3
1912,1,-S3
1913,2,-S3
1914,0,-S3
1915,1,-S3
1916,4,-S3
1917,0,-S3
1918,2,-S3
1919,3,-S3
1920,3,-S3
1921,3,-S3
1922,0,-S3
1923,2,-S3
1924,4,-S3
1925,6,-S3
1926,0,-S3
1927,3,-S3
1928,1,-S3
1929,0,-S3
1930,5,-S3
1931,2,-S3
1932,0,-S3
1933,3,-S3
1934,7,-S3
1935,6,-S3
1936,7,-S3
1937,4,-S3
1938,6,-S3
1939,8,-S3
1940,5,-S3
1941,3,-S3
1942,7,-S3
1943,7,-S3
1944,4,-S3
1945,3,-S3
1946,1,-S3
1947,4,-S3
1948,1,-S3
1949,2,-S3
1950,1,-S3
1951,6,-S3
1952,2,-S3
1953,5,-S3
1954,3,-S3
1955,3,-S3
1956,3,-S3
1957,4,-S3
1958,2,-S3
1959,10,-S3
1960,4,-S3
1961,8,-S3
1962,2,-S3
1963,6,-S3
1964,9,-S3
1965,2,-S3
1966,2,-S3
1967,2,-S3
1968,1,-S3
1969,5,-S3
1970,4,-S3
1971,1,-S3
1972,7,-S3
1973,6,-S3
1974,0,-S3
1975,6,-S3
1976,5,-S3
1977,3,-S3
1978,3,-S3
1979,2,-S3
1980,9,-S3
1981,2,-S3
1982,3,-S3
1983,1,-S3
1984,2,-S3
1985,5,-S3
1986,2,-S3
1987,5,-S3
1988,3,-S3
1989,4,-S3
1990,1,-S3
1991,3,-S3
1992,5,-S3
1993,2,-S3
1994,2,-S3
1995,2,-S3
1996,3,-S3
1997,3,-S3
1998,3,-S3
1999,6,-S3
2000,5,-S3
2001,1,-S3
2002,5,-S3
2003,2,-S3
2004,7,-S3
2005,5,-S3
2006,6,-S3
2007,3,-S3
2008,3,-S3
2009,5,-S3
2010,4,-S3
2011,2,-S3
2012,4,-S3
2013,3,-S3
2014,1,-S3
2015,5,-S3
2016,2,-S3
2017,0,-S3
2018,3,-S3
2019,1,-S3
2020,1,-S3
2021,1,-S3
2022,0,-S3
2023,4,-S3
2024,1,-S3
2025,4,-S3
2026,3,-S3
2027,3,-S3
2028,7,-S3
2029,0,-S3
2030,4,-S3
2031,2,-S3
2032,6,-S3
2033,0,-S3
2034,6,-S3
2035,4,-S3
2036,4,-S3
2037,1,-S3
2038,4,-S3
2039,3,-S3
2040,4,-S3
2041,0,-S3
2042,4,-S3
2043,8,-S3
2044,1,-S3
2045,2,-S3
2046,3,-S3
2047,4,-S3
2048,11,-S3
2049,5,-S3
2050,4,-S3
2051,2,-S3
2052,8,-S3
2053,1,-S3
2054,5,-S3
2055,3,-S3
2056,0,-S3
2057,2,-S3
2058,6,-S3
2059,4,-S3
2060,4,-S3
2061,5,-S3
2062,5,-S3
2063,3,-S3
2064,4,-S3
2065,10,-S3
2066,0,-S3
2067,2,-S3
2068,4,-S3
2069,7,-S3
2070,5,-S3
2071,3,-S3
2072,3,-S3
2073,7,-S3
2074,3,-S3
2075,2,-S3
2076,3,-S3
2077,3,-S3
2078,1,-S3
2079,7,-S3
2080,5,-S3
2081,3,-S3
2082,5,-S3
2083,6,-S3
2084,3,-S3
2085,5,-S3
2086,3,-S3
2087,0,-S3
2088,6,-S3
2089,3,-S3
2090,6,-S3
2091,5,-S3
2092,4,-S3
2093,3,-S3
2094,3,-S3
2095,4,-S3
2096,1,-S3
2097,4,-S3
2098,0,-S3
2099,1,-S3
2100,0,-S3
2101,0,-S3
2102,3,-S3
2103,1,-S3
2104,1,-S3
2105,6,-S3
2106,4,-S3
2107,6,-S3
2108,6,-S3
2109,4,-S3
2110,5,-S3
2111,5,-S3
2112,1,-S3
2113,2,-S3
2114,5,-S3
2115,2,-S3
2116,7,-S3
2117,6,-S3
2118,3,-S3
2119,4,-S3
2120,5,-S3
2121,5,-S3
2122,3,-S3
2123,3,-S3
2124,2,-S3
2125,3,-S3
2126,2,-S3
2127,5,-S3
2128,5,-S3
2129,2,-S3
2130,0,-S3
2131,0,-S3
2132,0,-S3
2133,2,-S3
2134,9,-S3
2135,0,-S3
2136,3,-S3
2137,3,-S3
2138,2,-S3
2139,4,-S3
2140,4,-S3
2141,4,-S3
2142,2,-S3
2143,0,-S3
2144,3,-S3
2145,5,-S3
2146,3,-S3
2147,5,-S3
2148,5,-S3
2149,2,-S3
2150,2,-S3
2151,5,-S3
2152,1,-S3
2153,5,-S3
2154,8,-S3
2155,1,-S3
2156,0,-S3
2157,1,-S3
2158,2,-S3
2159,4,-S3
2160,2,-S3
2161,5,-S3
2162,6,-S3
2163,3,-S3
2164,1,-S3
2165,4,-S3
2166,5,-S3
2167,8,-S3
2168,3,-S3
2169,3,-S3
2170,3,-S3
2171,5,-S3
2172,3,-S3
2173,8,-S3
2174,4,-S3
2175,2,-S3
2176,4,-S3
2177,5,-S3
2178,4,-S3
2179,7,-S3
2180,2,-S3
2181,2,-S3
2182,5,-S3
2183,9,-S3
2184,5,-S3
2185,8,-S3
2186,2,-S3
2187,5,-S3
2188,6,-S3
2189,4,-S3
2190,3,-S3
2191,4,-S3
2192,5,-S3
2193,1,-S3
2194,2,-S3
2195,5,-S3
2196,5,-S3
2197,5,-S3
2198,4,-S3
2199,3,-S3
2200,3,-S3
2201,2,-S3
2202,1,-S3
2203,5,-S3
2204,2,-S3
2205,5,-S3
2206,6,-S3
2207,6,-S3
2208,0,-S3
2209,9,-S3
2210,2,-S3
2211,4,-S3
2212,4,-S3
2213,5,-S3
2214,3,-S3
2215,4,-S3
2216,3,-S3
2217,6,-S3
2218,4,-S3
2219,2,-S3
2220,2,-S3
2221,3,-S3
2222,4,-S3
2223,0,-S3
2224,3,-S3
2225,4,-S3
2226,1,-S3
2227,1,-S3
2228,7,-S3
2229,2,-S3
2230,6,-S3
2231,4,-S3
2232,6,-S3
2233,6,-S3
2234,6,-S3
2235,8,-S3
2236,5,-S3
2237,2,-S3
2238,8,-S3
2239,3,-S3
2240,4,-S3
2241,7,-S3
2242,2,-S3
2243,4,-S3
2244,7,-S3
2245,10,-S3
2246,0,-S3
2247,3,-S3
2248,1,-S3
2249,6,-S3
2250,3,-S3
2251,11,-S3
2252,2,-S3
2253,7,-S3
2254,5,-S3
2255,6,-S3
2256,4,-S3
2257,2,-S3
2258,6,-S3
2259,3,-S3
2260,3,-S3
2261,4,-S3
2262,3,-S3
2263,2,-S3
2264,2,-S3
2265,1,-S3
2266,6,-S3
2267,4,-S3
2268,5,-S3
2269,5,-S3
2270,4,-S3
2271,5,-S3
2272,3,-S3
2273,2,-S3
2274,3,-S3
2275,2,-S3
2276,3,-S3
2277,3,-S3
2278,4,-S3
2279,3,-S3
2280,1,-S3
2281,2,-S3
2282,5,-S3
2283,3,-S3
2284,1,-S3
2285,1,-S3
2286,4,-S3
2287,6,-S3
2288,3,-S3
2289,4,-S3
2290,1,-S3
2291,4,-S3
2292,1,-S3
2293,4,-S3
2294,5,-S3
2295,3,-S3
2296,4,-S3
2297,9,-S3
2298,5,-S3
2299,0,-S3
2300,5,-S3
2301,5,-S3
2302,2,-S3
2303,4,-S3
2304,6,-S3
2305,3,-S3
2306,4,-S3
2307,5,-S3
2308,4,-S3
2309,2,-S3
2310,4,-S3
2311,5,-S3
2312,5,-S3
2313,6,-S3
2314,3,-S3
2315,3,-S3
2316,2,-S3
2317,3,-S3
2318,1,-S3
2319,5,-S3
2320,3,-S3
2321,5,-S3
2322,2,-S3
2323,2,-S3
2324,2,-S3
2325,1,-S3
2326,4,-S3
2327,1,-S3
2328,3,-S3
2329,7,-S3
2330,3,-S3
2331,4,-S3
2332,10,-S3
2333,3,-S3
2334,3,-S3
2335,2,-S3
2336,8,-S3
2337,4,-S3
2338,2,-S3
2339,2,-S3
2340,3,-S3
2341,0,-S3
2342,4,-S3
2343,5,-S3
2344,6,-S3
2345,4,-S3
2346,2,-S3
2347,3,-S3
2348,3,-S3
2349,2,-S3
2350,2,-S3
2351,4,-S3
2352,3,-S3
2353,3,-S3
2354,4,-S3
2355,3,-S3
2356,4,-S3
2357,4,-S3
2358,3,-S3
2359,5,-S3
2360,5,-S3
2361,6,-S3
2362,4,-S3
2363,3,-S3
2364,5,-S3
0,3,-S2
1,0,-S2
2,5,-S2
3,3,-S2
4,3,-S2
5,2,-S2
6,6,-S2
7,4,-S2
8,5,-S2
9,0,-S2
10,0,-S2
11,4,-S2
12,7,-S2
13,7,-S2
14,11,-S2
15,7,-S2
16,3,-S2
17,7,-S2
18,5,-S2
19,7,-S2
20,8,-S2
21,2,-S2
22,1,-S2
23,2,-S2
24,7,-S2
25,4,-S2
26,10,-S2
27,1,-S2
28,3,-S2
29,2,-S2
30,0,-S2
31,2,-S2
32,9,-S2
33,5,-S2
34,9,-S2
35,3,-S2
36,5,-S2
37,15,-S2
38,5,-S2
39,7,-S2
40,1,-S2
41,7,-S2
42,5,-S2
43,2,-S2
44,7,-S2
45,2,-S2
46,5,-S2
47,8,-S2
48,6,-S2
49,2,-S2
50,3,-S2
51,3,-S2
52,2,-S2
53,2,-S2
54,0,-S2
55,5,-S2
56,11,-S2
57,6,-S2
58,4,-S2
59,2,-S2
60,4,-S2
61,4,-S2
62,4,-S2
63,7,-S2
64,10,-S2
65,4,-S2
66,6,-S2
67,3,-S2
68,1,-S2
69,4,-S2
70,5,-S2
71,5,-S2
72,9,-S2
73,10,-S2
74,2,-S2
75,7,-S2
76,6,-S2
77,10,-S2
78,5,-S2
79,4,-S2
80,6,-S2
81,4,-S2
82,2,-S2
83,2,-S2
84,3,-S2
85,6,-S2
86,4,-S2
87,4,-S2
88,4,-S2
89,2,-S2
90,4,-S2
91,5,-S2
92,1,-S2
93,7,-S2
94,5,-S2
95,6,-S2
96,1,-S2
97,8,-S2
98,2,-S2
99,6,-S2
100,6,-S2
101,6,-S2
102,5,-S2
103,1,-S2
104,0,-S2
105,2,-S2
106,6,-S2
107,3,-S2
108,6,-S2
109,3,-S2
110,5,-S2
111,8,-S2
112,1,-S2
113,10,-S2
114,3,-S2
115,2,-S2
116,6,-S2
117,5,-S2
118,3,-S2
119,2,-S2
120,2,-S2
121,5,-S2
122,3,-S2
123,3,-S2
124,5,-S2
125,2,-S2
126,5,-S2
127,2,-S2
128,2,-S2
129,4,-S2
130,0,-S2
131,2,-S2
132,7,-S2
133,6,-S2
134,3,-S2
135,3,-S2
136,1,-S2
137,2,-S2
138,5,-S2
139,4,-S2
140,2,-S2
141,2,-S2
142,3,-S2
143,4,-S2
144,6,-S2
145,2,-S2
146,6,-S2
147,1,-S2
148,2,-S2
149,2,-S2
150,3,-S2
151,6,-S2
152,6,-S2
153,3,-S2
154,6,-S2
155,2,-S2
156,6,-S2
157,7,-S2
158,2,-S2
159,6,-S2
160,11,-S2
161,1,-S2
162,4,-S2
163,8,-S2
164,3,-S2
165,3,-S2
166,7,-S2
167,5,-S2
168,4,-S2
169,5,-S2
170,7,-S2
171,4,-S2
172,2,-S2
173,7,-S2
174,2,-S2
175,5,-S2
176,2,-S2
177,3,-S2
178,3,-S2
179,2,-S2
180,2,-S2
181,3,-S2
182,2,-S2
183,3,-S2
184,0,-S2
185,2,-S2
186,2,-S2
187,8,-S2
188,2,-S2
189,9,-S2
190,6,-S2
191,6,-S2
192,0,-S2
193,5,-S2
194,5,-S2
195,8,-S2
196,7,-S2
197,1,-S2
198,2,-S2
199,0,-S2
200,2,-S2
201,4,-S2
202,7,-S2
203,5,-S2
204,3,-S2
205,0,-S2
206,6,-S2
207,2,-S2
208,3,-S2
209,1,-S2
210,7,-S2
211,1,-S2
212,3,-S2
213,1,-S2
214,2,-S2
215,2,-S2
216,6,-S2
217,3,-S2
218,3,-S2
219,7,-S2
220,0,-S2
221,4,-S2
222,0,-S2
223,4,-S2
224,3,-S2
225,2,-S2
226,1,-S2
227,3,-S2
228,2,-S2
229,3,-S2
230,5,-S2
231,2,-S2
232,2,-S2
233,7,-S2
234,2,-S2
235,4,-S2
236,1,-S2
237,7,-S2
238,2,-S2
239,1,-S2
240,4,-S2
241,5,-S2
242,1,-S2
243,1,-S2
244,1,-S2
245,0,-S2
246,8,-S2
247,2,-S2
248,2,-S2
249,5,-S2
250,5,-S2
251,2,-S2
252,6,-S2
253,6,-S2
254,4,-S2
255,1,-S2
256,2,-S2
257,2,-S2
258,9,-S2
259,2,-S2
260,0,-S2
261,4,-S2
262,3,-S2
263,3,-S2
264,5,-S2
265,1,-S2
266,7,-S2
267,5,-S2
268,3,-S2
269,0,-S2
270,2,-S2
271,6,-S2
272,8,-S2
273,2,-S2
274,7,-S2
275,1,-S2
276,1,-S2
277,7,-S2
278,9,-S2
279,1,-S2
280,2,-S2
281,5,-S2
282,0,-S2
283,6,-S2
284,3,-S2
285,7,-S2
286,0,-S2
287,1,-S2
288,7,-S2
289,4,-S2
290,4,-S2
291,5,-S2
292,4,-S2
293,4,-S2
294,5,-S2
295,8,-S2
296,5,-S2
297,2,-S2
298,2,-S2
299,1,-S2
300,6,-S2
301,4,-S2
302,5,-S2
303,7,-S2
304,5,-S2
305,5,-S2
306,1,-S2
307,4,-S2
308,5,-S2
309,4,-S2
310,4,-S2
311,3,-S2
312,6,-S2
313,3,-S2
314,2,-S2
315,4,-S2
316,4,-S2
317,7,-S2
318,7,-S2
319,1,-S2
320,3,-S2
321,7,-S2
322,2,-S2
323,3,-S2
324,7,-S2
325,5,-S2
326,2,-S2
327,1,-S2
328,4,-S2
329,5,-S2
330,13,-S2
331,2,-S2
332,4,-S2
333,0,-S2
334,1,-S2
335,12,-S2
336,10,-S2
337,3,-S2
338,5,-S2
339,6,-S2
340,6,-S2
341,5,-S2
342,5,-S2
343,3,-S2
344,0,-S2
345,4,-S2
346,2,-S2
347,0,-S2
348,0,-S2
349,0,-S2
350,3,-S2
351,2,-S2
352,2,-S2
353,3,-S2
354,4,-S2
355,6,-S2
356,2,-S2
357,8,-S2
358,9,-S2
359,5,-S2
360,6,-S2
361,3,-S2
362,6,-S2
363,4,-S2
364,4,-S2
365,4,-S2
366,1,-S2
367,3,-S2
368,4,-S2
369,4,-S2
370,5,-S2
371,3,-S2
372,4,-S2
373,5,-S2
374,2,-S2
375,4,-S2
376,3,-S2
377,7,-S2
378,3,-S2
379,10,-S2
380,6,-S2
381,3,-S2
382,2,-S2
383,3,-S2
384,6,-S2
385,8,-S2
386,8,-S2
387,5,-S2
388,1,-S2
389,2,-S2
390,0,-S2
391,4,-S2
392,2,-S2
393,0,-S2
394,4,-S2
395,5,-S2
396,1,-S2
397,1,-S2
398,12,-S2
399,4,-S2
400,3,-S2
401,5,-S2
402,5,-S2
403,3,-S2
404,5,-S2
405,3,-S2
406,4,-S2
407,4,-S2
408,2,-S2
409,6,-S2
410,9,-S2
411,0,-S2
412,10,-S2
413,6,-S2
414,0,-S2
415,5,-S2
416,3,-S2
417,6,-S2
418,2,-S2
419,3,-S2
420,1,-S2
421,4,-S2
422,5,-S2
423,5,-S2
424,5,-S2
425,3,-S2
426,2,-S2
427,6,-S2
428,5,-S2
429,1,-S2
430,8,-S2
431,4,-S2
432,7,-S2
433,8,-S2
434,3,-S2
435,3,-S2
436,4,-S2
437,3,-S2
438,5,-S2
439,3,-S2
440,3,-S2
441,6,-S2
442,6,-S2
443,4,-S2
444,4,-S2
445,2,-S2
446,3,-S2
447,4,-S2
448,3,-S2
449,1,-S2
450,4,-S2
451,4,-S2
452,1,-S2
453,10,-S2
454,2,-S2
455,1,-S2
456,1,-S2
457,3,-S2
458,1,-S2
459,7,-S2
460,2,-S2
461,2,-S2
462,4,-S2
463,5,-S2
464,2,-S2
465,5,-S2
466,10,-S2
467,3,-S2
468,2,-S2
469,5,-S2
470,1,-S2
471,4,-S2
472,6,-S2
473,3,-S2
474,1,-S2
475,2,-S2
476,4,-S2
477,6,-S2
478,1,-S2
479,4,-S2
480,4,-S2
481,1,-S2
482,1,-S2
483,4,-S2
484,3,-S2
485,5,-S2
486,6,-S2
487,3,-S2
488,6,-S2
489,9,-S2
490,5,-S2
491,6,-S2
492,5,-S2
493,10,-S2
494,0,-S2
495,4,-S2
496,3,-S2
497,4,-S2
498,4,-S2
499,5,-S2
500,7,-S2
501,8,-S2
502,1,-S2
503,7,-S2
504,2,-S2
505,4,-S2
506,6,-S2
507,1,-S2
508,3,-S2
509,5,-S2
510,1,-S2
511,2,-S2
512,5,-S2
513,3,-S2
514,5,-S2
515,8,-S2
516,4,-S2
517,5,-S2
518,3,-S2
519,2,-S2
520,6,-S2
521,3,-S2
522,4,-S2
523,8,-S2
524,7,-S2
525,8,-S2
526,2,-S2
527,3,-S2
528,5,-S2
529,8,-S2
530,7,-S2
531,4,-S2
532,4,-S2
533,3,-S2
534,5,-S2
535,3,-S2
536,1,-S2
537,9,-S2
538,1,-S2
539,3,-S2
540,5,-S2
541,5,-S2
542,8,-S2
543,4,-S2
544,5,-S2
545,4,-S2
546,7,-S2
547,2,-S2
548,3,-S2
549,6,-S2
550,5,-S2
551,3,-S2
552,5,-S2
553,7,-S2
554,6,-S2
555,0,-S2
556,7,-S2
557,3,-S2
558,3,-S2
559,5,-S2
560,3,-S2
561,6,-S2
562,2,-S2
563,4,-S2
564,4,-S2
565,6,-S2
566,2,-S2
567,3,-S2
568,5,-S2
569,1,-S2
570,11,-S2
571,9,-S2
572,9,-S2
573,4,-S2
574,6,-S2
575,3,-S2
576,3,-S2
577,7,-S2
578,2,-S2
579,4,-S2
580,7,-S2
581,3,-S2
582,2,-S2
583,4,-S2
584,4,-S2
585,7,-S2
586,3,-S2
587,4,-S2
588,5,-S2
589,0,-S2
590,1,-S2
591,1,-S2
592,10,-S2
593,2,-S2
594,7,-S2
595,3,-S2
596,4,-S2
597,4,-S2
598,5,-S2
599,6,-S2
600,4,-S2
601,1,-S2
602,4,-S2
603,4,-S2
604,10,-S2
605,8,-S2
606,7,-S2
607,1,-S2
608,2,-S2
609,2,-S2
610,4,-S2
611,7,-S2
612,2,-S2
613,8,-S2
614,6,-S2
615,5,-S2
616,3,-S2
617,2,-S2
618,4,-S2
619,9,-S2
620,1,-S2
621,7,-S2
622,3,-S2
623,8,-S2
624,3,-S2
625,8,-S2
626,3,-S2
627,3,-S2
628,6,-S2
629,2,-S2
630,3,-S2
631,2,-S2
632,3,-S2
633,0,-S2
634,3,-S2
635,6,-S2
636,4,-S2
637,6,-S2
638,5,-S2
639,1,-S2
640,5,-S2
641,2,-S2
642,3,-S2
643,2,-S2
644,5,-S2
645,1,-S2
646,4,-S2
647,7,-S2
648,3,-S2
649,5,-S2
650,10,-S2
651,6,-S2
652,5,-S2
653,5,-S2
654,4,-S2
655,5,-S2
656,3,-S2
657,4,-S2
658,3,-S2
659,0,-S2
660,12,-S2
661,6,-S2
662,3,-S2
663,3,-S2
664,3,-S2
665,1,-S2
666,3,-S2
667,4,-S2
668,7,-S2
669,8,-S2
670,2,-S2
671,2,-S2
672,6,-S2
673,4,-S2
674,7,-S2
675,1,-S2
676,4,-S2
677,6,-S2
678,0,-S2
679,5,-S2
680,2,-S2
681,9,-S2
682,3,-S2
683,3,-S2
684,1,-S2
685,7,-S2
686,8,-S2
687,5,-S2
688,0,-S2
689,3,-S2
690,4,-S2
691,2,-S2
692,3,-S2
693,9,-S2
694,1,-S2
695,4,-S2
696,7,-S2
697,2,-S2
698,1,-S2
699,3,-S2
700,6,-S2
701,8,-S2
702,3,-S2
703,4,-S2
704,2,-S2
705,0,-S2
706,4,-S2
707,4,-S2
708,6,-S2
709,8,-S2
710,8,-S2
711,2,-S2
712,1,-S2
713,4,-S2
714,2,-S2
715,7,-S2
716,3,-S2
717,1,-S2
718,2,-S2
719,5,-S2
720,4,-S2
721,2,-S2
722,2,-S2
723,9,-S2
724,4,-S2
725,2,-S2
726,5,-S2
727,2,-S2
728,2,-S2
729,4,-S2
730,11,-S2
731,4,-S2
732,4,-S2
733,3,-S2
734,1,-S2
735,8,-S2
736,2,-S2
737,6,-S2
738,3,-S2
739,0,-S2
740,2,-S2
741,4,-S2
742,6,-S2
743,6,-S2
744,1,-S2
745,4,-S2
746,9,-S2
747,5,-S2
748,3,-S2
749,4,-S2
750,4,-S2
751,4,-S2
752,5,-S2
753,2,-S2
754,4,-S2
755,3,-S2
756,5,-S2
757,1,-S2
758,4,-S2
759,5,-S2
760,3,-S2
761,4,-S2
762,5,-S2
763,4,-S2
764,5,-S2
765,6,-S2
766,2,-S2
767,5,-S2
768,5,-S2
769,3,-S2
770,3,-S2
771,2,-S2
772,3,-S2
773,7,-S2
774,9,-S2
775,4,-S2
776,5,-S2
777,5,-S2
778,5,-S2
779,5,-S2
780,2,-S2
781,3,-S2
782,6,-S2
783,8,-S2
784,1,-S2
785,3,-S2
786,2,-S2
787,3,-S2
788,5,-S2
789,12,-S2
790,5,-S2
791,2,-S2
792,3,-S2
793,3,-S2
794,0,-S2
795,1,-S2
796,3,-S2
797,5,-S2
798,6,-S2
799,5,-S2
800,3,-S2
801,4,-S2
802,3,-S2
803,5,-S2
804,7,-S2
805,3,-S2
806,4,-S2
807,3,-S2
808,11,-S2
809,2,-S2
810,11,-S2
811,1,-S2
812,5,-S2
813,8,-S2
814,5,-S2
815,2,-S2
816,3,-S2
817,2,-S2
818,2,-S2
819,3,-S2
820,5,-S2
821,7,-S2
822,4,-S2
823,7,-S2
824,4,-S2
825,3,-S2
826,6,-S2
827,6,-S2
828,7,-S2
829,1,-S2
830,4,-S2
831,5,-S2
832,5,-S2
833,4,-S2
834,2,-S2
835,1,-S2
836,4,-S2
837,8,-S2
838,5,-S2
839,4,-S2
840,2,-S2
841,2,-S2
842,4,-S2
843,4,-S2
844,5,-S2
845,5,-S2
846,2,-S2
847,6,-S2
848,2,-S2
849,4,-S2
850,0,-S2
851,5,-S2
852,6,-S2
853,6,-S2
854,7,-S2
855,3,-S2
856,4,-S2
857,7,-S2
858,4,-S2
859,9,-S2
860,6,-S2
861,1,-S2
862,0,-S2
863,2,-S2
864,2,-S2
865,2,-S2
866,4,-S2
867,5,-S2
868,4,-S2
869,4,-S2
870,1,-S2
871,3,-S2
872,0,-S2
873,0,-S2
874,5,-S2
875,3,-S2
876,2,-S2
877,1,-S2
878,13,-S2
879,4,-S2
880,4,-S2
881,1,-S2
882,5,-S2
883,1,-S2
884,7,-S2
885,1,-S2
886,1,-S2
887,8,-S2
888,5,-S2
889,5,-S2
890,5,-S2
891,1,-S2
892,4,-S2
893,6,-S2
894,1,-S2
895,11,-S2
896,4,-S2
897,0,-S2
898,1,-S2
899,5,-S2
900,0,-S2
901,5,-S2
902,2,-S2
903,10,-S2
904,4,-S2
905,5,-S2
906,4,-S2
907,2,-S2
908,2,-S2
909,7,-S2
910,6,-S2
911,2,-S2
912,6,-S2
913,0,-S2
914,5,-S2
915,1,-S2
916,3,-S2
917,3,-S2
918,7,-S2
919,1,-S2
920,4,-S2
921,3,-S2
922,1,-S2
923,2,-S2
924,3,-S2
925,4,-S2
926,1,-S2
927,7,-S2
928,7,-S2
929,2,-S2
930,2,-S2
931,5,-S2
932,6,-S2
933,1,-S2
934,3,-S2
935,10,-S2
936,5,-S2
937,11,-S2
938,5,-S2
939,4,-S2
940,6,-S2
941,3,-S2
942,3,-S2
943,6,-S2
944,7,-S2
945,4,-S2
946,2,-S2
947,4,-S2
948,2,-S2
949,3,-S2
950,3,-S2
951,4,-S2
952,2,-S2
953,6,-S2
954,3,-S2
955,2,-S2
956,1,-S2
957,4,-S2
958,8,-S2
959,1,-S2
960,2,-S2
961,5,-S2
962,5,-S2
963,0,-S2
964,2,-S2
965,1,-S2
966,4,-S2
967,2,-S2
968,9,-S2
969,4,-S2
970,4,-S2
971,2,-S2
972,8,-S2
973,7,-S2
974,2,-S2
975,1,-S2
976,3,-S2
977,5,-S2
978,0,-S2
979,4,-S2
980,4,-S2
981,8,-S2
982,4,-S2
983,5,-S2
984,4,-S2
985,3,-S2
986,3,-S2
987,8,-S2
988,4,-S2
989,5,-S2
990,4,-S2
991,3,-S2
992,5,-S2
993,1,-S2
994,7,-S2
995,8,-S2
996,4,-S2
997,4,-S2
998,2,-S2
999,6,-S2
1000,3,-S2
1001,4,-S2
1002,0,-S2
1003,4,-S2
1004,1,-S2
1005,3,-S2
1006,6,-S2
1007,4,-S2
1008,2,-S2
1009,2,-S2
1010,10,-S2
1011,3,-S2
1012,4,-S2
1013,7,-S2
1014,1,-S2
1015,1,-S2
1016,3,-S2
1017,5,-S2
1018,4,-S2
1019,6,-S2
1020,3,-S2
1021,4,-S2
1022,0,-S2
1023,7,-S2
1024,3,-S2
1025,1,-S2
1026,6,-S2
1027,3,-S2
1028,0,-S2
1029,5,-S2
1030,3,-S2
1031,3,-S2
1032,4,-S2
1033,4,-S2
1034,3,-S2
1035,3,-S2
1036,3,-S2
1037,6,-S2
1038,2,-S2
1039,2,-S2
1040,4,-S2
1041,4,-S2
1042,5,-S2
1043,1,-S2
1044,5,-S2
1045,6,-S2
1046,5,-S2
1047,2,-S2
1048,4,-S2
1049,3,-S2
1050,2,-S2
1051,3,-S2
1052,3,-S2
1053,5,-S2
1054,4,-S2
1055,5,-S2
1056,5,-S2
1057,0,-S2
1058,4,-S2
1059,4,-S2
1060,6,-S2
1061,8,-S2
1062,2,-S2
1063,4,-S2
1064,3,-S2
1065,0,-S2
1066,2,-S2
1067,3,-S2
1068,6,-S2
1069,1,-S2
1070,6,-S2
1071,7,-S2
1072,6,-S2
1073,2,-S2
1074,11,-S2
1075,2,-S2
1076,2,-S2
1077,5,-S2
1078,6,-S2
1079,2,-S2
1080,14,-S2
1081,1,-S2
1082,1,-S2
1083,2,-S2
1084,4,-S2
1085,2,-S2
1086,3,-S2
1087,8,-S2
1088,3,-S2
1089,3,-S2
1090,6,-S2
1091,1,-S2
1092,7,-S2
1093,0,-S2
1094,3,-S2
1095,9,-S2
1096,1,-S2
1097,6,-S2
1098,7,-S2
1099,12,-S2
1100,6,-S2
1101,6,-S2
1102,3,-S2
1103,6,-S2
1104,5,-S2
1105,1,-S2
1106,2,-S2
1107,2,-S2
1108,2,-S2
1109,4,-S2
1110,2,-S2
1111,2,-S2
1112,3,-S2
1113,0,-S2
1114,3,-S2
1115,5,-S2
1116,7,-S2
1117,4,-S2
1118,9,-S2
1119,7,-S2
1120,3,-S2
1121,4,-S2
1122,1,-S2
1123,9,-S2
1124,8,-S2
1125,11,-S2
1126,3,-S2
1127,7,-S2
1128,7,-S2
1129,3,-S2
1130,0,-S2
1131,5,-S2
1132,2,-S2
1133,2,-S2
1134,8,-S2
1135,2,-S2
1136,12,-S2
1137,3,-S2
1138,5,-S2
1139,1,-S2
1140,5,-S2
1141,0,-S2
1142,3,-S2
1143,8,-S2
1144,4,-S2
1145,1,-S2
1146,5,-S2
1147,2,-S2
1148,0,-S2
1149,0,-S2
1150,4,-S2
1151,4,-S2
1152,7,-S2
1153,3,-S2
1154,4,-S2
1155,6,-S2
1156,8,-S2
1157,4,-S2
1158,2,-S2
1159,2,-S2
1160,2,-S2
1161,1,-S2
1162,7,-S2
1163,2,-S2
1164,6,-S2
1165,4,-S2
1166,1,-S2
1167,5,-S2
1168,3,-S2
1169,4,-S2
1170,4,-S2
1171,3,-S2
1172,4,-S2
1173,2,-S2
1174,5,-S2
1175,1,-S2
1176,11,-S2
1177,2,-S2
1178,5,-S2
1179,2,-S2
1180,3,-S2
1181,4,-S2
1182,6,-S2
1183,5,-S2
1184,6,-S2
1185,3,-S2
1186,3,-S2
1187,4,-S2
1188,0,-S2
1189,3,-S2
1190,13,-S2
1191,1,-S2
1192,5,-S2
1193,9,-S2
1194,6,-S2
1195,6,-S2
1196,3,-S2
1197,5,-S2
1198,4,-S2
1199,7,-S2
1200,4,-S2
1201,9,-S2
1202,3,-S2
1203,3,-S2
1204,1,-S2
1205,7,-S2
1206,4,-S2
1207,2,-S2
1208,3,-S2
1209,5,-S2
1210,1,-S2
1211,8,-S2
1212,9,-S2
1213,4,-S2
1214,6,-S2
1215,5,-S2
1216,5,-S2
1217,2,-S2
1218,6,-S2
1219,6,-S2
1220,7,-S2
1221,1,-S2
1222,7,-S2
1223,0,-S2
1224,4,-S2
1225,3,-S2
1226,3,-S2
1227,3,-S2
1228,9,-S2
1229,1,-S2
1230,4,-S2
1231,5,-S2
1232,7,-S2
1233,8,-S2
1234,3,-S2
1235,4,-S2
1236,2,-S2
1237,5,-S2
1238,3,-S2
1239,1,-S2
1240,2,-S2
1241,4,-S2
1242,5,-S2
1243,4,-S2
1244,3,-S2
1245,5,-S2
1246,6,-S2
1247,4,-S2
1248,5,-S2
1249,7,-S2
1250,7,-S2
1251,6,-S2
1252,1,-S2
1253,4,-S2
1254,5,-S2
1255,7,-S2
1256,2,-S2
1257,6,-S2
1258,4,-S2
1259,5,-S2
1260,2,-S2
1261,5,-S2
1262,7,-S2
1263,6,-S2
1264,5,-S2
1265,4,-S2
1266,5,-S2
1267,6,-S2
1268,8,-S2
1269,2,-S2
1270,3,-S2
1271,3,-S2
1272,4,-S2
1273,2,-S2
1274,7,-S2
1275,5,-S2
1276,4,-S2
1277,6,-S2
1278,2,-S2
1279,1,-S2
1280,7,-S2
1281,6,-S2
1282,3,-S2
1283,3,-S2
1284,7,-S2
1285,5,-S2
1286,6,-S2
1287,2,-S2
1288,8,-S2
1289,5,-S2
1290,4,-S2
1291,6,-S2
1292,2,-S2
1293,6,-S2
1294,3,-S2
1295,6,-S2
1296,3,-S2
1297,6,-S2
1298,3,-S2
1299,1,-S2
1300,6,-S2
1301,6,-S2
1302,5,-S2
1303,5,-S2
1304,0,-S2
1305,7,-S2
1306,2,-S2
1307,5,-S2
1308,10,-S2
1309,4,-S2
1310,4,-S2
1311,5,-S2
1312,6,-S2
1313,7,-S2
1314,2,-S2
1315,3,-S2
1316,5,-S2
1317,7,-S2
1318,4,-S2
1319,3,-S2
1320,6,-S2
1321,7,-S2
1322,5,-S2
1323,4,-S2
1324,2,-S2
1325,4,-S2
1326,3,-S2
1327,4,-S2
1328,0,-S2
1329,7,-S2
1330,3,-S2
1331,4,-S2
1332,6,-S2
1333,3,-S2
1334,6,-S2
1335,2,-S2
1336,2,-S2
1337,5,-S2
1338,1,-S2
1339,3,-S2
1340,7,-S2
1341,1,-S2
1342,3,-S2
1343,2,-S2
1344,4,-S2
1345,5,-S2
1346,3,-S2
1347,7,-S2
1348,4,-S2
1349,5,-S2
1350,11,-S2
1351,6,-S2
1352,3,-S2
1353,3,-S2
1354,3,-S2
1355,3,-S2
1356,2,-S2
1357,4,-S2
1358,0,-S2
1359,5,-S2
1360,4,-S2
1361,3,-S2
1362,3,-S2
1363,2,-S2
1364,4,-S2
1365,4,-S2
1366,1,-S2
1367,2,-S2
1368,3,-S2
1369,11,-S2
1370,3,-S2
1371,6,-S2
1372,3,-S2
1373,4,-S2
1374,1,-S2
1375,6,-S2
1376,9,-S2
1377,4,-S2
1378,9,-S2
1379,3,-S2
1380,5,-S2
1381,5,-S2
1382,2,-S2
1383,3,-S2
1384,4,-S2
1385,1,-S2
1386,5,-S2
1387,6,-S2
1388,5,-S2
1389,5,-S2
1390,2,-S2
1391,3,-S2
1392,8,-S2
1393,5,-S2
1394,9,-S2
1395,3,-S2
1396,4,-S2
1397,4,-S2
1398,6,-S2
1399,5,-S2
1400,7,-S2
1401,9,-S2
1402,4,-S2
1403,4,-S2
1404,2,-S2
1405,1,-S2
1406,7,-S2
1407,6,-S2
1408,3,-S2
1409,3,-S2
1410,6,-S2
1411,10,-S2
1412,2,-S2
1413,8,-S2
1414,2,-S2
1415,0,-S2
1416,2,-S2
1417,1,-S2
1418,7,-S2
1419,4,-S2
1420,4,-S2
1421,3,-S2
1422,7,-S2
1423,0,-S2
1424,5,-S2
1425,2,-S2
1426,2,-S2
1427,3,-S2
1428,3,-S2
1429,3,-S2
1430,5,-S2
1431,2,-S2
1432,5,-S2
1433,1,-S2
1434,4,-S2
1435,2,-S2
1436,4,-S2
1437,4,-S2
1438,3,-S2
1439,1,-S2
1440,2,-S2
1441,3,-S2
1442,2,-S2
1443,2,-S2
1444,0,-S2
1445,1,-S2
1446,4,-S2
1447,8,-S2
1448,1,-S2
1449,8,-S2
1450,5,-S2
1451,6,-S2
1452,6,-S2
1453,2,-S2
1454,8,-S2
1455,4,-S2
1456,7,-S2
1457,3,-S2
1458,6,-S2
1459,5,-S2
1460,1,-S2
1461,5,-S2
1462,5,-S2
1463,6,-S2
1464,3,-S2
1465,2,-S2
1466,5,-S2
1467,3,-S2
1468,2,-S2
1469,9,-S2
1470,3,-S2
1471,7,-S2
1472,8,-S2
1473,1,-S2
1474,4,-S2
1475,6,-S2
1476,3,-S2
1477,6,-S2
1478,9,-S2
1479,5,-S2
1480,6,-S2
1481,7,-S2
1482,2,-S2
1483,7,-S2
1484,4,-S2
1485,2,-S2
1486,13,-S2
1487,6,-S2
1488,0,-S2
1489,9,-S2
1490,5,-S2
1491,4,-S2
1492,4,-S2
1493,4,-S2
1494,2,-S2
1495,3,-S2
1496,1,-S2
1497,3,-S2
1498,7,-S2
1499,8,-S2
1500,4,-S2
1501,1,-S2
1502,6,-S2
1503,9,-S2
1504,6,-S2
1505,7,-S2
1506,6,-S2
1507,0,-S2
1508,5,-S2
1509,1,-S2
1510,1,-S2
1511,4,-S2
1512,10,-S2
1513,3,-S2
1514,5,-S2
1515,2,-S2
1516,7,-S2
1517,6,-S2
1518,2,-S2
1519,2,-S2
1520,6,-S2
1521,0,-S2
1522,10,-S2
1523,0,-S2
1524,1,-S2
1525,4,-S2
1526,4,-S2
1527,9,-S2
1528,3,-S2
1529,0,-S2
1530,3,-S2
1531,3,-S2
1532,5,-S2
1533,4,-S2
1534,1,-S2
1535,2,-S2
1536,5,-S2
1537,1,-S2
1538,1,-S2
1539,2,-S2
1540,4,-S2
1541,8,-S2
1542,3,-S2
1543,0,-S2
1544,4,-S2
1545,4,-S2
1546,5,-S2
1547,3,-S2
1548,10,-S2
1549,5,-S2
1550,7,-S2
1551,1,-S2
1552,4,-S2
1553,3,-S2
1554,6,-S2
1555,6,-S2
1556,7,-S2
1557,1,-S2
1558,6,-S2
1559,1,-S2
1560,4,-S2
1561,7,-S2
1562,1,-S2
1563,8,-S2
1564,1,-S2
1565,2,-S2
1566,5,-S2
1567,4,-S2
1568,3,-S2
1569,1,-S2
1570,5,-S2
1571,1,-S2
1572,8,-S2
1573,6,-S2
1574,2,-S2
1575,10,-S2
1576,7,-S2
1577,2,-S2
1578,4,-S2
1579,7,-S2
1580,1,-S2
1581,4,-S2
1582,4,-S2
1583,3,-S2
1584,6,-S2
1585,5,-S2
1586,3,-S2
1587,3,-S2
1588,4,-S2
1589,5,-S2
1590,4,-S2
1591,8,-S2
1592,3,-S2
1593,11,-S2
1594,4,-S2
1595,4,-S2
1596,3,-S2
1597,3,-S2
1598,3,-S2
1599,2,-S2
1600,8,-S2
1601,3,-S2
1602,2,-S2
1603,6,-S2
1604,6,-S2
1605,3,-S2
1606,2,-S2
1607,0,-S2
1608,3,-S2
1609,9,-S2
1610,3,-S2
1611,2,-S2
1612,0,-S2
1613,5,-S2
1614,5,-S2
1615,4,-S2
1616,4,-S2
1617,3,-S2
1618,7,-S2
1619,2,-S2
1620,9,-S2
1621,9,-S2
1622,5,-S2
1623,5,-S2
1624,2,-S2
1625,5,-S2
1626,6,-S2
1627,4,-S2
1628,2,-S2
1629,7,-S2
1630,10,-S2
1631,7,-S2
1632,5,-S2
1633,2,-S2
1634,3,-S2
1635,1,-S2
1636,8,-S2
1637,9,-S2
1638,5,-S2
1639,2,-S2
1640,3,-S2
1641,2,-S2
1642,4,-S2
1643,3,-S2
1644,15,-S2
1645,1,-S2
1646,9,-S2
1647,3,-S2
1648,3,-S2
1649,3,-S2
1650,1,-S2
1651,3,-S2
1652,5,-S2
1653,6,-S2
1654,6,-S2
1655,6,-S2
1656,1,-S2
1657,6,-S2
1658,5,-S2
1659,2,-S2
1660,1,-S2
1661,8,-S2
1662,2,-S2
1663,3,-S2
1664,3,-S2
1665,4,-S2
1666,2,-S2
1667,3,-S2
1668,0,-S2
1669,4,-S2
1670,5,-S2
1671,3,-S2
1672,2,-S2
1673,3,-S2
1674,5,-S2
1675,4,-S2
1676,4,-S2
1677,2,-S2
1678,6,-S2
1679,4,-S2
1680,2,-S2
1681,9,-S2
1682,3,-S2
1683,7,-S2
1684,4,-S2
1685,5,-S2
1686,7,-S2
1687,6,-S2
1688,2,-S2
1689,9,-S2
1690,2,-S2
1691,3,-S2
1692,3,-S2
1693,4,-S2
1694,2,-S2
1695,3,-S2
1696,2,-S2
1697,7,-S2
1698,2,-S2
1699,5,-S2
1700,2,-S2
1701,6,-S2
1702,5,-S2
1703,3,-S2
1704,6,-S2
1705,4,-S2
1706,4,-S2
1707,1,-S2
1708,3,-S2
1709,3,-S2
1710,2,-S2
1711,2,-S2
1712,3,-S2
1713,2,-S2
1714,2,-S2
1715,3,-S2
1716,5,-S2
1717,2,-S2
1718,2,-S2
1719,4,-S2
1720,6,-S2
1721,4,-S2
1722,0,-S2
1723,2,-S2
1724,4,-S2
1725,5,-S2
1726,3,-S2
1727,6,-S2
1728,6,-S2
1729,4,-S2
1730,5,-S2
1731,3,-S2
1732,3,-S2
1733,5,-S2
1734,2,-S2
1735,1,-S2
1736,17,-S2
1737,4,-S2
1738,3,-S2
1739,0,-S2
1740,6,-S2
1741,6,-S2
1742,1,-S2
1743,1,-S2
1744,0,-S2
1745,4,-S2
1746,5,-S2
1747,3,-S2
1748,2,-S2
1749,2,-S2
1750,2,-S2
1751,6,-S2
1752,1,-S2
1753,2,-S2
1754,10,-S2
1755,2,-S2
1756,1,-S2
1757,7,-S2
1758,4,-S2
1759,3,-S2
1760,3,-S2
1761,4,-S2
1762,5,-S2
1763,1,-S2
1764,1,-S2
1765,6,-S2
1766,1,-S2
1767,5,-S2
1768,3,-S2
1769,8,-S2
1770,2,-S2
1771,1,-S2
1772,2,-S2
1773,10,-S2
1774,1,-S2
1775,7,-S2
1776,5,-S2
1777,4,-S2
1778,3,-S2
1779,2,-S2
1780,0,-S2
1781,7,-S2
1782,3,-S2
1783,8,-S2
1784,5,-S2
1785,4,-S2
1786,6,-S2
1787,3,-S2
1788,3,-S2
1789,5,-S2
1790,3,-S2
1791,4,-S2
1792,6,-S2
1793,0,-S2
1794,0,-S2
1795,8,-S2
1796,7,-S2
1797,7,-S2
1798,3,-S2
1799,3,-S2
1800,6,-S2
1801,3,-S2
1802,10,-S2
1803,5,-S2
1804,2,-S2
1805,4,-S2
1806,8,-S2
1807,1,-S2
1808,6,-S2
1809,4,-S2
1810,0,-S2
1811,1,-S2
1812,3,-S2
1813,3,-S2
1814,6,-S2
1815,9,-S2
1816,9,-S2
1817,5,-S2
1818,3,-S2
1819,1,-S2
1820,2,-S2
1821,2,-S2
1822,9,-S2
1823,6,-S2
1824,2,-S2
1825,6,-S2
1826,1,-S2
1827,10,-S2
1828,8,-S2
1829,1,-S2
1830,3,-S2
1831,4,-S2
1832,3,-S2
1833,3,-S2
1834,5,-S2
1835,2,-S2
1836,4,-S2
1837,7,-S2
1838,7,-S2
1839,4,-S2
1840,3,-S2
1841,1,-S2
1842,2,-S2
1843,4,-S2
1844,2,-S2
1845,4,-S2
1846,2,-S2
1847,1,-S2
1848,6,-S2
1849,5,-S2
1850,3,-S2
1851,7,-S2
1852,9,-S2
1853,3,-S2
1854,4,-S2
1855,5,-S2
1856,1,-S2
1857,2,-S2
1858,2,-S2
1859,3,-S2
1860,4,-S2
1861,0,-S2
1862,0,-S2
1863,3,-S2
1864,9,-S2
1865,5,-S2
1866,4,-S2
1867,4,-S2
1868,6,-S2
1869,6,-S2
1870,4,-S2
1871,4,-S2
1872,7,-S2
1873,4,-S2
1874,5,-S2
1875,1,-S2
1876,5,-S2
1877,10,-S2
1878,6,-S2
1879,4,-S2
1880,4,-S2
1881,4,-S2
1882,4,-S2
1883,5,-S2
1884,3,-S2
1885,4,-S2
1886,2,-S2
1887,5,-S2
1888,3,-S2
1889,2,-S2
1890,2,-S2
1891,7,-S2
1892,4,-S2
1893,2,-S2
1894,6,-S2
1895,3,-S2
1896,2,-S2
1897,2,-S2
1898,3,-S2
1899,2,-S2
1900,1,-S2
1901,4,-S2
1902,4,-S2
1903,3,-S2
1904,2,-S2
1905,6,-S2
1906,6,-S2
1907,3,-S2
1908,8,-S2
1909,8,-S2
1910,2,-S2
1911,4,-S2
1912,1,-S2
1913,3,-S2
1914,3,-S2
1915,4,-S2
1916,3,-S2
1917,0,-S2
1918,0,-S2
1919,0,-S2
1920,6,-S2
1921,4,-S2
1922,2,-S2
1923,2,-S2
1924,8,-S2
1925,2,-S2
1926,4,-S2
1927,2,-S2
1928,3,-S2
1929,4,-S2
1930,6,-S2
1931,4,-S2
1932,6,-S2
1933,3,-S2
1934,1,-S2
1935,5,-S2
1936,6,-S2
1937,2,-S2
1938,4,-S2
1939,1,-S2
1940,5,-S2
1941,1,-S2
1942,10,-S2
1943,9,-S2
1944,6,-S2
1945,6,-S2
1946,1,-S2
1947,4,-S2
1948,5,-S2
1949,3,-S2
1950,7,-S2
1951,5,-S2
1952,4,-S2
1953,8,-S2
1954,3,-S2
1955,6,-S2
1956,4,-S2
1957,4,-S2
1958,4,-S2
1959,6,-S2
1960,3,-S2
1961,12,-S2
1962,4,-S2
1963,3,-S2
1964,15,-S2
1965,3,-S2
1966,1,-S2
1967,3,-S2
1968,3,-S2
1969,2,-S2
1970,2,-S2
1971,7,-S2
1972,3,-S2
1973,3,-S2
1974,2,-S2
1975,10,-S2
1976,8,-S2
1977,5,-S2
1978,3,-S2
1979,7,-S2
1980,3,-S2
1981,6,-S2
1982,2,-S2
1983,2,-S2
1984,4,-S2
1985,7,-S2
1986,3,-S2
1987,2,-S2
1988,7,-S2
1989,10,-S2
1990,2,-S2
1991,7,-S2
1992,6,-S2
1993,9,-S2
1994,6,-S2
1995,4,-S2
1996,3,-S2
1997,4,-S2
1998,4,-S2
1999,6,-S2
2000,8,-S2
2001,1,-S2
2002,4,-S2
2003,6,-S2
2004,5,-S2
2005,3,-S2
2006,5,-S2
2007,1,-S2
2008,0,-S2
2009,1,-S2
2010,3,-S2
2011,6,-S2
2012,6,-S2
2013,2,-S2
2014,1,-S2
2015,2,-S2
2016,2,-S2
2017,3,-S2
2018,8,-S2
2019,4,-S2
2020,8,-S2
2021,2,-S2
2022,6,-S2
2023,3,-S2
2024,3,-S2
2025,3,-S2
2026,1,-S2
2027,2,-S2
2028,2,-S2
2029,1,-S2
2030,6,-S2
2031,3,-S2
2032,0,-S2
2033,4,-S2
2034,4,-S2
2035,2,-S2
2036,1,-S2
2037,6,-S2
2038,2,-S2
2039,2,-S2
2040,12,-S2
2041,1,-S2
2042,1,-S2
2043,1,-S2
2044,0,-S2
2045,7,-S2
2046,6,-S2
2047,7,-S2
2048,5,-S2
2049,7,-S2
2050,4,-S2
2051,5,-S2
2052,11,-S2
2053,3,-S2
2054,4,-S2
2055,4,-S2
2056,2,-S2
2057,4,-S2
2058,8,-S2
2059,9,-S2
2060,5,-S2
2061,3,-S2
2062,10,-S2
2063,6,-S2
2064,5,-S2
2065,3,-S2
2066,7,-S2
2067,2,-S2
2068,1,-S2
2069,14,-S2
2070,4,-S2
2071,4,-S2
2072,3,-S2
2073,3,-S2
2074,9,-S2
2075,3,-S2
2076,9,-S2
2077,3,-S2
2078,10,-S2
2079,3,-S2
2080,7,-S2
2081,6,-S2
2082,7,-S2
2083,2,-S2
2084,2,-S2
2085,5,-S2
2086,3,-S2
2087,4,-S2
2088,6,-S2
2089,4,-S2
2090,6,-S2
2091,4,-S2
2092,8,-S2
2093,0,-S2
2094,3,-S2
2095,5,-S2
2096,5,-S2
2097,5,-S2
2098,4,-S2
2099,10,-S2
2100,1,-S2
2101,5,-S2
2102,9,-S2
2103,6,-S2
2104,6,-S2
2105,9,-S2
2106,8,-S2
2107,8,-S2
2108,5,-S2
2109,6,-S2
2110,2,-S2
2111,3,-S2
2112,1,-S2
2113,6,-S2
2114,12,-S2
2115,2,-S2
2116,3,-S2
2117,3,-S2
2118,8,-S2
2119,0,-S2
2120,4,-S2
2121,10,-S2
2122,2,-S2
2123,10,-S2
2124,2,-S2
2125,5,-S2
2126,3,-S2
2127,4,-S2
2128,2,-S2
2129,4,-S2
2130,5,-S2
2131,7,-S2
2132,2,-S2
2133,7,-S2
2134,10,-S2
2135,1,-S2
2136,6,-S2
2137,1,-S2
2138,2,-S2
2139,9,-S2
2140,9,-S2
2141,5,-S2
2142,4,-S2
2143,6,-S2
2144,6,-S2
2145,0,-S2
2146,2,-S2
2147,6,-S2
2148,7,-S2
2149,4,-S2
2150,3,-S2
2151,1,-S2
2152,2,-S2
2153,5,-S2
2154,9,-S2
2155,6,-S2
2156,3,-S2
2157,6,-S2
2158,5,-S2
2159,4,-S2
2160,6,-S2
2161,11,-S2
2162,1,-S2
2163,4,-S2
2164,3,-S2
2165,4,-S2
2166,1,-S2
2167,4,-S2
2168,2,-S2
2169,2,-S2
2170,4,-S2
2171,4,-S2
2172,1,-S2
2173,9,-S2
2174,6,-S2
2175,1,-S2
2176,3,-S2
2177,5,-S2
2178,2,-S2
2179,5,-S2
2180,6,-S2
2181,0,-S2
2182,6,-S2
2183,3,-S2
2184,6,-S2
2185,4,-S2
2186,1,-S2
2187,4,-S2
2188,1,-S2
2189,2,-S2
2190,9,-S2
2191,3,-S2
2192,3,-S2
2193,5,-S2
2194,2,-S2
2195,4,-S2
2196,3,-S2
2197,4,-S2
2198,4,-S2
2199,5,-S2
2200,3,-S2
2201,3,-S2
2202,10,-S2
2203,3,-S2
2204,3,-S2
2205,5,-S2
2206,2,-S2
2207,4,-S2
2208,7,-S2
2209,3,-S2
2210,2,-S2
2211,2,-S2
2212,4,-S2
2213,1,-S2
2214,4,-S2
2215,3,-S2
2216,2,-S2
2217,6,-S2
2218,3,-S2
2219,3,-S2
2220,3,-S2
2221,5,-S2
2222,1,-S2
2223,6,-S2
2224,8,-S2
2225,2,-S2
2226,3,-S2
2227,3,-S2
2228,2,-S2
2229,3,-S2
2230,4,-S2
2231,4,-S2
2232,11,-S2
2233,8,-S2
2234,7,-S2
2235,6,-S2
2236,7,-S2
2237,3,-S2
2238,8,-S2
2239,0,-S2
2240,4,-S2
2241,4,-S2
2242,5,-S2
2243,4,-S2
2244,3,-S2
2245,6,-S2
2246,3,-S2
2247,5,-S2
2248,4,-S2
2249,2,-S2
2250,2,-S2
2251,1,-S2
2252,3,-S2
2253,3,-S2
2254,4,-S2
2255,5,-S2
2256,7,-S2
2257,2,-S2
2258,5,-S2
2259,1,-S2
2260,4,-S2
2261,7,-S2
2262,7,-S2
2263,5,-S2
2264,5,-S2
2265,4,-S2
2266,2,-S2
2267,4,-S2
2268,5,-S2
2269,4,-S2
2270,4,-S2
2271,4,-S2
2272,5,-S2
2273,7,-S2
2274,3,-S2
2275,2,-S2
2276,7,-S2
2277,4,-S2
2278,5,-S2
2279,5,-S2
2280,7,-S2
2281,2,-S2
2282,13,-S2
2283,7,-S2
2284,2,-S2
2285,1,-S2
2286,4,-S2
2287,3,-S2
2288,1,-S2
2289,3,-S2
2290,3,-S2
2291,4,-S2
2292,4,-S2
2293,5,-S2
2294,8,-S2
2295,4,-S2
2296,3,-S2
2297,2,-S2
2298,5,-S2
2299,4,-S2
2300,6,-S2
2301,4,-S2
2302,6,-S2
2303,5,-S2
2304,5,-S2
2305,6,-S2
2306,3,-S2
2307,3,-S2
2308,3,-S2
2309,5,-S2
2310,4,-S2
2311,4,-S2
2312,6,-S2
2313,4,-S2
2314,2,-S2
2315,5,-S2
2316,2,-S2
2317,4,-S2
2318,7,-S2
2319,3,-S2
2320,3,-S2
2321,3,-S2
2322,3,-S2
2323,5,-S2
2324,5,-S2
2325,3,-S2
2326,4,-S2
2327,0,-S2
2328,9,-S2
2329,5,-S2
2330,9,-S2
2331,2,-S2
2332,3,-S2
2333,3,-S2
2334,5,-S2
2335,1,-S2
2336,5,-S2
2337,2,-S2
2338,5,-S2
2339,2,-S2
2340,3,-S2
2341,3,-S2
2342,3,-S2
2343,6,-S2
2344,1,-S2
2345,2,-S2
2346,3,-S2
2347,7,-S2
2348,3,-S2
2349,3,-S2
2350,9,-S2
2351,3,-S2
2352,4,-S2
2353,5,-S2
2354,8,-S2
2355,4,-S2
2356,1,-S2
2357,5,-S2
2358,8,-S2
2359,0,-S2
2360,4,-S2
2361,2,-S2
2362,6,-S2
2363,4,-S2
2364,7,-S2
0,4,S3/2
1,6,S3/2
2,4,S3/2
3,1,S3/2
4,0,S3/2
5,4,S3/2
6,7,S3/2
7,1,S3/2
8,1,S3/2
9,5,S3/2
10,4,S3/2
11,6,S3/2
12,8,S3/2
13,3,S3/2
14,8,S3/2
15,8,S3/2
16,9,S3/2
17,5,S3/2
18,5,S3/2
19,7,S3/2
20,8,S3/2
21,1,S3/2
22,5,S3/2
23,3,S3/2
24,8,S3/2
25,9,S3/2
26,5,S3/2
27,6,S3/2
28,3,S3/2
29,2,S3/2
30,2,S3/2
31,5,S3/2
32,3,S3/2
33,4,S3/2
34,1,S3/2
35,9,S3/2
36,5,S3/2
37,5,S3/2
38,7,S3/2
39,7,S3/2
40,1,S3/2
41,8,S3/2
42,5,S3/2
43,8,S3/2
44,4,S3/2
45,3,S3/2
46,3,S3/2
47,10,S3/2
48,5,S3/2
49,7,S3/2
50,7,S3/2
51,3,S3/2
52,3,S3/2
53,1,S3/2
54,1,S3/2
55,5,S3/2
56,7,S3/2
57,7,S3/2
58,4,S3/2
59,5,S3/2
60,3,S3/2
61,3,S3/2
62,7,S3/2
63,6,S3/2
64,0,S3/2
65,7,S3/2
66,6,S3/2
67,6,S3/2
68,3,S3/2
69,1,S3/2
70,11,S3/2
71,5,S3/2
72,3,S3/2
73,5,S3/2
74,1,S3/2
75,1,S3/2
76,6,S3/2
77,0,S3/2
78,5,S3/2
79,6,S3/2
80,7,S3/2
81,0,S3/2
82,2,S3/2
83,3,S3/2
84,4,S3/2
85,6,S3/2
86,4,S3/2
87,9,S3/2
88,3,S3/2
89,2,S3/2
90,2,S3/2
91,5,S3/2
92,5,S3/2
93,14,S3/2
94,3,S3/2
95,4,S3/2
96,5,S3/2
97,3,S3/2
98,2,S3/2
99,5,S3/2
100,5,S3/2
101,9,S3/2
102,1,S3/2
103,2,S3/2
104,1,S3/2
105,6,S3/2
106,9,S3/2
107,3,S3/2
108,7,S3/2
109,5,S3/2
110,3,S3/2
111,8,S3/2
112,0,S3/2
113,1,S3/2
114,1,S3/2
115,2,S3/2
116,2,S3/2
117,3,S3/2
118,7,S3/2
119,2,S3/2
120,3,S3/2
121,7,S3/2
122,0,S3/2
123,1,S3/2
124,2,S3/2
125,6,S3/2
126,5,S3/2
127,2,S3/2
128,4,S3/2
129,2,S3/2
130,1,S3/2
131,2,S3/2
132,2,S3/2
133,4,S3/2
134,9,S3/2
135,0,S3/2
136,1,S3/2
137,2,S3/2
138,2,S3/2
139,9,S3/2
140,2,S3/2
141,4,S3/2
142,4,S3/2
143,2,S3/2
144,3,S3/2
145,5,S3/2
146,5,S3/2
147,3,S3/2
148,2,S3/2
149,5,S3/2
150,6,S3/2
151,2,S3/2
152,9,S3/2
153,5,S3/2
154,7,S3/2
155,4,S3/2
156,3,S3/2
157,5,S3/2
158,5,S3/2
159,10,S3/2
160,8,S3/2
161,5,S3/2
162,5,S3/2
163,8,S3/2
164,6,S3/2
165,6,S3/2
166,3,S3/2
167,7,S3/2
168,6,S3/2
169,3,S3/2
170,7,S3/2
171,7,S3/2
172,2,S3/2
173,7,S3/2
174,5,S3/2
175,2,S3/2
176,4,S3/2
177,2,S3/2
178,8,S3/2
179,2,S3/2
180,1,S3/2
181,7,S3/2
182,4,S3/2
183,4,S3/2
184,0,S3/2
185,5,S3/2
186,3,S3/2
187,4,S3/2
188,8,S3/2
189,9,S3/2
190,5,S3/2
191,6,S3/2
192,0,S3/2
193,5,S3/2
194,5,S3/2
195,3,S3/2
196,4,S3/2
197,5,S3/2
198,2,S3/2
199,4,S3/2
200,6,S3/2
201,1,S3/2
202,2,S3/2
203,5,S3/2
204,4,S3/2
205,1,S3/2
206,2,S3/2
207,2,S3/2
208,4,S3/2
209,5,S3/2
210,3,S3/2
211,0,S3/2
212,3,S3/2
213,0,S3/2
214,2,S3/2
215,1,S3/2
216,3,S3/2
217,2,S3/2
218,0,S3/2
219,4,S3/2
220,2,S3/2
221,1,S3/2
222,3,S3/2
223,1,S3/2
224,2,S3/2
225,3,S3/2
226,5,S3/2
227,4,S3/2
228,2,S3/2
229,3,S3/2
230,1,S3/2
231,1,S3/2
232,7,S3/2
233,2,S3/2
234,3,S3/2
235,5,S3/2
236,2,S3/2
237,4,S3/2
238,1,S3/2
239,1,S3/2
240,1,S3/2
241,4,S3/2
242,2,S3/2
243,0,S3/2
244,4,S3/2
245,4,S3/2
246,2,S3/2
247,5,S3/2
248,1,S3/2
249,3,S3/2
250,4,S3/2
251,2,S3/2
252,6,S3/2
253,4,S3/2
254,2,S3/2
255,7,S3/2
256,0,S3/2
257,0,S3/2
258,1,S3/2
259,2,S3/2
260,0,S3/2
261,7,S3/2
262,5,S3/2
263,1,S3/2
264,8,S3/2
265,1,S3/2
266,1,S3/2
267,0,S3/2
268,4,S3/2
269,4,S3/2
270,2,S3/2
271,5,S3/2
272,0,S3/2
273,1,S3/2
274,3,S3/2
275,6,S3/2
276,0,S3/2
277,2,S3/2
278,6,S3/2
279,3,S3/2
280,4,S3/2
281,8,S3/2
282,5,S3/2
283,3,S3/2
284,2,S3/2
285,4,S3/2
286,2,S3/2
287,2,S3/2
288,7,S3/2
289,5,S3/2
290,10,S3/2
291,0,S3/2
292,3,S3/2
293,2,S3/2
294,4,S3/2
295,5,S3/2
296,7,S3/2
297,7,S3/2
298,3,S3/2
299,7,S3/2
300,7,S3/2
301,2,S3/2
302,11,S3/2
303,4,S3/2
304,2,S3/2
305,5,S3/2
306,4,S3/2
307,8,S3/2
308,3,S3/2
309,3,S3/2
310,5,S3/2
311,3,S3/2
312,4,S3/2
313,1,S3/2
314,1,S3/2
315,8,S3/2
316,1,S3/2
317,3,S3/2
318,4,S3/2
319,1,S3/2
320,4,S3/2
321,4,S3/2
322,4,S3/2
323,1,S3/2
324,3,S3/2
325,5,S3/2
326,2,S3/2
327,4,S3/2
328,5,S3/2
329,5,S3/2
330,11,S3/2
331,2,S3/2
332,4,S3/2
333,5,S3/2
334,7,S3/2
335,4,S3/2
336,1,S3/2
337,4,S3/2
338,6,S3/2
339,4,S3/2
340,5,S3/2
341,2,S3/2
342,3,S3/2
343,2,S3/2
344,3,S3/2
345,4,S3/2
346,7,S3/2
347,7,S3/2
348,7,S3/2
349,1,S3/2
350,5,S3/2
351,3,S3/2
352,5,S3/2
353,1,S3/2
354,9,S3/2
355,3,S3/2
356,3,S3/2
357,3,S3/2
358,9,S3/2
359,5,S3/2
360,1,S3/2
361,3,S3/2
362,4,S3/2
363,3,S3/2
364,2,S3/2
365,2,S3/2
366,0,S3/2
367,0,S3/2
368,4,S3/2
369,4,S3/2
370,2,S3/2
371,5,S3/2
372,4,S3/2
373,3,S3/2
374,6,S3/2
375,4,S3/2
376,3,S3/2
377,7,S3/2
378,1,S3/2
379,10,S3/2
380,6,S3/2
381,7,S3/2
382,1,S3/2
383,4,S3/2
384,4,S3/2
385,8,S3/2
386,5,S3/2
387,1,S3/2
388,3,S3/2
389,2,S3/2
390,2,S3/2
391,2,S3/2
392,3,S3/2
393,4,S3/2
394,2,S3/2
395,2,S3/2
396,1,S3/2
397,3,S3/2
398,13,S3/2
399,0,S3/2
400,2,S3/2
401,4,S3/2
402,3,S3/2
403,6,S3/2
404,2,S3/2
405,3,S3/2
406,0,S3/2
407,5,S3/2
408,0,S3/2
409,1,S3/2
410,11,S3/2
411,0,S3/2
412,9,S3/2
413,3,S3/2
414,4,S3/2
415,3,S3/2
416,1,S3/2
417,3,S3/2
418,2,S3/2
419,2,S3/2
420,3,S3/2
421,6,S3/2
422,3,S3/2
423,4,S3/2
424,5,S3/2
425,4,S3/2
426,0,S3/2
427,5,S3/2
428,7,S3/2
429,2,S3/2
430,1,S3/2
431,5,S3/2
432,5,S3/2
433,7,S3/2
434,2,S3/2
435,3,S3/2
436,2,S3/2
437,3,S3/2
438,3,S3/2
439,0,S3/2
440,3,S3/2
441,6,S3/2
442,2,S3/2
443,3,S3/2
444,4,S3/2
445,2,S3/2
446,0,S3/2
447,4,S3/2
448,7,S3/2
449,2,S3/2
450,2,S3/2
451,6,S3/2
452,7,S3/2
453,7,S3/2
454,2,S3/2
455,6,S3/2
456,4,S3/2
457,4,S3/2
458,1,S3/2
459,7,S3/2
460,3,S3/2
461,2,S3/2
462,1,S3/2
463,6,S3/2
464,2,S3/2
465,3,S3/2
466,5,S3/2
467,4,S3/2
468,3,S3/2
469,3,S3/2
470,1,S3/2
471,6,S3/2
472,0,S3/2
473,4,S3/2
474,3,S3/2
475,2,S3/2
476,4,S3/2
477,0,S3/2
478,7,S3/2
479,0,S3/2
480,0,S3/2
481,0,S3/2
482,3,S3/2
483,9,S3/2
484,1,S3/2
485,2,S3/2
486,2,S3/2
487,3,S3/2
488,2,S3/2
489,1,S3/2
490,1,S3/2
491,0,S3/2
492,3,S3/2
493,2,S3/2
494,0,S3/2
495,3,S3/2
496,1,S3/2
497,6,S3/2
498,7,S3/2
499,6,S3/2
500,3,S3/2
501,0,S3/2
502,6,S3/2
503,7,S3/2
504,3,S3/2
505,1,S3/2
506,6,S3/2
507,11,S3/2
508,1,S3/2
509,5,S3/2
510,1,S3/2
511,12,S3/2
512,0,S3/2
513,5,S3/2
514,5,S3/2
515,3,S3/2
516,1,S3/2
517,3,S3/2
518,1,S3/2
519,9,S3/2
520,3,S3/2
521,4,S3/2
522,4,S3/2
523,1,S3/2
524,4,S3/2
525,9,S3/2
526,5,S3/2
527,0,S3/2
528,2,S3/2
529,8,S3/2
530,3,S3/2
531,4,S3/2
532,1,S3/2
533,3,S3/2
534,6,S3/2
535,1,S3/2
536,5,S3/2
537,3,S3/2
538,0,S3/2
539,3,S3/2
540,4,S3/2
541,5,S3/2
542,7,S3/2
543,1,S3/2
544,6,S3/2
545,5,S3/2
546,7,S3/2
547,3,S3/2
548,1,S3/2
549,7,S3/2
550,3,S3/2
551,2,S3/2
552,5,S3/2
553,4,S3/2
554,8,S3/2
555,1,S3/2
556,2,S3/2
557,2,S3/2
558,1,S3/2
559,3,S3/2
560,1,S3/2
561,6,S3/2
562,4,S3/2
563,0,S3/2
564,2,S3/2
565,2,S3/2
566,0,S3/2
567,3,S3/2
568,10,S3/2
569,0,S3/2
570,10,S3/2
571,8,S3/2
572,6,S3/2
573,8,S3/2
574,7,S3/2
575,6,S3/2
576,4,S3/2
577,5,S3/2
578,8,S3/2
579,2,S3/2
580,7,S3/2
581,2,S3/2
582,3,S3/2
583,11,S3/2
584,6,S3/2
585,5,S3/2
586,4,S3/2
587,5,S3/2
588,5,S3/2
589,0,S3/2
590,3,S3/2
591,0,S3/2
592,7,S3/2
593,2,S3/2
594,0,S3/2
595,7,S3/2
596,8,S3/2
597,5,S3/2
598,0,S3/2
599,2,S3/2
600,3,S3/2
601,2,S3/2
602,4,S3/2
603,6,S3/2
604,8,S3/2
605,8,S3/2
606,0,S3/2
607,3,S3/2
608,3,S3/2
609,5,S3/2
610,5,S3/2
611,4,S3/2
612,4,S3/2
613,3,S3/2
614,4,S3/2
615,0,S3/2
616,9,S3/2
617,2,S3/2
618,4,S3/2
619,10,S3/2
620,10,S3/2
621,6,S3/2
622,1,S3/2
623,3,S3/2
624,5,S3/2
625,4,S3/2
626,2,S3/2
627,0,S3/2
628,2,S3/2
629,8,S3/2
630,3,S3/2
631,2,S3/2
632,2,S3/2
633,0,S3/2
634,6,S3/2
635,6,S3/2
636,0,S3/2
637,2,S3/2
638,0,S3/2
639,1,S3/2
640,6,S3/2
641,2,S3/2
642,3,S3/2
643,2,S3/2
644,5,S3/2
645,1,S3/2
646,3,S3/2
647,3,S3/2
648,5,S3/2
649,3,S3/2
650,7,S3/2
651,4,S3/2
652,1,S3/2
653,1,S3/2
654,3,S3/2
655,4,S3/2
656,1,S3/2
657,5,S3/2
658,4,S3/2
659,0,S3/2
660,6,S3/2
661,5,S3/2
662,4,S3/2
663,4,S3/2
664,3,S3/2
665,4,S3/2
666,4,S3/2
667,1,S3/2
668,1,S3/2
669,6,S3/2
670,8,S3/2
671,3,S3/2
672,2,S3/2
673,3,S3/2
674,3,S3/2
675,5,S3/2
676,1,S3/2
677,2,S3/2
678,6,S3/2
679,2,S3/2
680,2,S3/2
681,4,S3/2
682,7,S3/2
683,2,S3/2
684,5,S3/2
685,0,S3/2
686,2,S3/2
687,3,S3/2
688,4,S3/2
689,0,S3/2
690,2,S3/2
691,4,S3/2
692,3,S3/2
693,2,S3/2
694,1,S3/2
695,0,S3/2
696,3,S3/2
697,3,S3/2
698,1,S3/2
699,3,S3/2
700,3,S3/2
701,5,S3/2
702,0,S3/2
703,4,S3/2
704,3,S3/2
705,0,S3/2
706,3,S3/2
707,0,S3/2
708,6,S3/2
709,0,S3/2
710,0,S3/2
711,2,S3/2
712,1,S3/2
713,2,S3/2
714,3,S3/2
715,1,S3/2
716,1,S3/2
717,4,S3/2
718,2,S3/2
719,8,S3/2
720,0,S3/2
721,4,S3/2
722,3,S3/2
723,0,S3/2
724,1,S3/2
725,6,S3/2
726,0,S3/2
727,2,S3/2
728,2,S3/2
729,4,S3/2
730,4,S3/2
731,2,S3/2
732,6,S3/2
733,3,S3/2
734,2,S3/2
735,4,S3/2
736,6,S3/2
737,0,S3/2
738,2,S3/2
739,0,S3/2
740,4,S3/2
741,2,S3/2
742,0,S3/2
743,4,S3/2
744,8,S3/2
745,7,S3/2
746,2,S3/2
747,3,S3/2
748,2,S3/2
749,3,S3/2
750,3,S3/2
751,0,S3/2
752,3,S3/2
753,2,S3/2
754,3,S3/2
755,0,S3/2
756,2,S3/2
757,0,S3/2
758,6,S3/2
759,2,S3/2
760,6,S3/2
761,4,S3/2
762,2,S3/2
763,2,S3/2
764,0,S3/2
765,2,S3/2
766,2,S3/2
767,3,S3/2
768,3,S3/2
769,3,S3/2
770,3,S3/2
771,1,S3/2
772,5,S3/2
773,2,S3/2
774,4,S3/2
775,4,S3/2
776,5,S3/2
777,5,S3/2
778,3,S3/2
779,5,S3/2
780,4,S3/2
781,2,S3/2
782,3,S3/2
783,1,S3/2
784,3,S3/2
785,3,S3/2
786,0,S3/2
787,2,S3/2
788,5,S3/2
789,6,S3/2
790,4,S3/2
791,2,S3/2
792,0,S3/2
793,4,S3/2
794,4,S3/2
795,0,S3/2
796,1,S3/2
797,0,S3/2
798,5,S3/2
799,3,S3/2
800,3,S3/2
801,1,S3/2
802,3,S3/2
803,5,S3/2
804,5,S3/2
805,7,S3/2
806,4,S3/2
807,5,S3/2
808,8,S3/2
809,2,S3/2
810,8,S3/2
811,2,S3/2
812,5,S3/2
813,0,S3/2
814,2,S3/2
815,1,S3/2
816,3,S3/2
817,2,S3/2
818,1,S3/2
819,2,S3/2
820,5,S3/2
821,7,S3/2
822,1,S3/2
823,8,S3/2
824,2,S3/2
825,3,S3/2
826,2,S3/2
827,3,S3/2
828,4,S3/2
829,4,S3/2
830,5,S3/2
831,1,S3/2
832,5,S3/2
833,0,S3/2
834,2,S3/2
835,0,S3/2
836,4,S3/2
837,2,S3/2
838,2,S3/2
839,1,S3/2
840,3,S3/2
841,3,S3/2
842,5,S3/2
843,0,S3/2
844,4,S3/2
845,5,S3/2
846,2,S3/2
847,2,S3/2
848,0,S3/2
849,6,S3/2
850,3,S3/2
851,3,S3/2
852,0,S3/2
853,3,S3/2
854,1,S3/2
855,0,S3/2
856,6,S3/2
857,3,S3/2
858,3,S3/2
859,9,S3/2
860,8,S3/2
861,1,S3/2
862,1,S3/2
863,2,S3/2
864,3,S3/2
865,3,S3/2
866,6,S3/2
867,0,S3/2
868,5,S3/2
869,4,S3/2
870,1,S3/2
871,3,S3/2
872,3,S3/2
873,0,S3/2
874,5,S3/2
875,6,S3/2
876,2,S3/2
877,7,S3/2
878,11,S3/2
879,1,S3/2
880,7,S3/2
881,2,S3/2
882,1,S3/2
883,1,S3/2
884,4,S3/2
885,1,S3/2
886,2,S3/2
887,4,S3/2
888,0,S3/2
889,9,S3/2
890,7,S3/2
891,1,S3/2
892,9,S3/2
893,4,S3/2
894,3,S3/2
895,6,S3/2
896,5,S3/2
897,7,S3/2
898,3,S3/2
899,4,S3/2
900,0,S3/2
901,1,S3/2
902,3,S3/2
903,1,S3/2
904,5,S3/2
905,3,S3/2
906,0,S3/2
907,0,S3/2
908,7,S3/2
909,7,S3/2
910,3,S3/2
911,2,S3/2
912,7,S3/2
913,0,S3/2
914,3,S3/2
915,4,S3/2
916,1,S3/2
917,3,S3/2
918,7,S3/2
919,5,S3/2
920,3,S3/2
921,1,S3/2
922,4,S3/2
923,2,S3/2
924,3,S3/2
925,3,S3/2
926,4,S3/2
927,8,S3/2
928,5,S3/2
929,3,S3/2
930,2,S3/2
931,5,S3/2
932,2,S3/2
933,1,S3/2
934,3,S3/2
935,8,S3/2
936,5,S3/2
937,6,S3/2
938,3,S3/2
939,4,S3/2
940,4,S3/2
941,3,S3/2
942,5,S3/2
943,2,S3/2
944,6,S3/2
945,4,S3/2
946,11,S3/2
947,4,S3/2
948,2,S3/2
949,3,S3/2
950,3,S3/2
951,4,S3/2
952,2,S3/2
953,5,S3/2
954,4,S3/2
955,4,S3/2
956,5,S3/2
957,1,S3/2
958,6,S3/2
959,1,S3/2
960,6,S3/2
961,1,S3/2
962,4,S3/2
963,1,S3/2
964,0,S3/2
965,4,S3/2
966,2,S3/2
967,5,S3/2
968,5,S3/2
969,3,S3/2
970,6,S3/2
971,6,S3/2
972,5,S3/2
973,1,S3/2
974,0,S3/2
975,1,S3/2
976,1,S3/2
977,3,S3/2
978,2,S3/2
979,9,S3/2
980,5,S3/2
981,8,S3/2
982,0,S3/2
983,4,S3/2
984,8,S3/2
985,6,S3/2
986,3,S3/2
987,5,S3/2
988,2,S3/2
989,1,S3/2
990,5,S3/2
991,0,S3/2
992,3,S3/2
993,3,S3/2
994,6,S3/2
995,3,S3/2
996,2,S3/2
997,1,S3/2
998,2,S3/2
999,1,S3/2
1000,2,S3/2
1001,2,S3/2
1002,1,S3/2
1003,7,S3/2
1004,1,S3/2
1005,4,S3/2
1006,2,S3/2
1007,3,S3/2
1008,0,S3/2
1009,2,S3/2
1010,6,S3/2
1011,1,S3/2
1012,4,S3/2
1013,7,S3/2
1014,9,S3/2
1015,4,S3/2
1016,2,S3/2
1017,7,S3/2
1018,3,S3/2
1019,4,S3/2
1020,0,S3/2
1021,3,S3/2
1022,0,S3/2
1023,4,S3/2
1024,3,S3/2
1025,2,S3/2
1026,5,S3/2
1027,3,S3/2
1028,7,S3/2
1029,3,S3/2
1030,12,S3/2
1031,1,S3/2
1032,6,S3/2
1033,7,S3/2
1034,4,S3/2
1035,3,S3/2
1036,4,S3/2
1037,5,S3/2
1038,1,S3/2
1039,4,S3/2
1040,4,S3/2
1041,4,S3/2
1042,3,S3/2
1043,4,S3/2
1044,4,S3/2
1045,3,S3/2
1046,5,S3/2
1047,0,S3/2
1048,6,S3/2
1049,3,S3/2
1050,5,S3/2
1051,3,S3/2
1052,4,S3/2
1053,2,S3/2
1054,4,S3/2
1055,5,S3/2
1056,3,S3/2
1057,0,S3/2
1058,4,S3/2
1059,6,S3/2
1060,6,S3/2
1061,7,S3/2
1062,7,S3/2
1063,3,S3/2
1064,4,S3/2
1065,3,S3/2
1066,1,S3/2
1067,5,S3/2
1068,3,S3/2
1069,1,S3/2
1070,2,S3/2
1071,3,S3/2
1072,2,S3/2
1073,1,S3/2
1074,4,S3/2
1075,2,S3/2
1076,8,S3/2
1077,6,S3/2
1078,1,S3/2
1079,1,S3/2
1080,5,S3/2
1081,4,S3/2
1082,4,S3/2
1083,3,S3/2
1084,6,S3/2
1085,5,S3/2
1086,3,S3/2
1087,0,S3/2
1088,5,S3/2
1089,3,S3/2
1090,8,S3/2
1091,1,S3/2
1092,13,S3/2
1093,7,S3/2
1094,3,S3/2
1095,8,S3/2
1096,4,S3/2
1097,6,S3/2
1098,3,S3/2
1099,6,S3/2
1100,6,S3/2
1101,7,S3/2
1102,4,S3/2
1103,4,S3/2
1104,4,S3/2
1105,1,S3/2
1106,1,S3/2
1107,4,S3/2
1108,2,S3/2
1109,7,S3/2
1110,5,S3/2
1111,5,S3/2
1112,2,S3/2
1113,0,S3/2
1114,1,S3/2
1115,6,S3/2
1116,3,S3/2
1117,8,S3/2
1118,9,S3/2
1119,6,S3/2
1120,1,S3/2
1121,4,S3/2
1122,2,S3/2
1123,4,S3/2
1124,12,S3/2
1125,1,S3/2
1126,4,S3/2
1127,6,S3/2
1128,2,S3/2
1129,2,S3/2
1130,0,S3/2
1131,4,S3/2
1132,4,S3/2
1133,6,S3/2
1134,2,S3/2
1135,0,S3/2
1136,2,S3/2
1137,4,S3/2
1138,4,S3/2
1139,3,S3/2
1140,1,S3/2
1141,0,S3/2
1142,2,S3/2
1143,0,S3/2
1144,0,S3/2
1145,2,S3/2
1146,1,S3/2
1147,3,S3/2
1148,1,S3/2
1149,4,S3/2
1150,3,S3/2
1151,2,S3/2
1152,3,S3/2
1153,1,S3/2
1154,2,S3/2
1155,5,S3/2
1156,5,S3/2
1157,2,S3/2
1158,2,S3/2
1159,10,S3/2
1160,2,S3/2
1161,1,S3/2
1162,2,S3/2
1163,1,S3/2
1164,4,S3/2
1165,5,S3/2
1166,3,S3/2
1167,1,S3/2
1168,0,S3/2
1169,4,S3/2
1170,2,S3/2
1171,6,S3/2
1172,0,S3/2
1173,2,S3/2
1174,5,S3/2
1175,1,S3/2
1176,6,S3/2
1177,3,S3/2
1178,0,S3/2
1179,2,S3/2
1180,5,S3/2
1181,2,S3/2
1182,5,S3/2
1183,2,S3/2
1184,1,S3/2
1185,0,S3/2
1186,5,S3/2
1187,1,S3/2
1188,0,S3/2
1189,2,S3/2
1190,13,S3/2
1191,3,S3/2
1192,0,S3/2
1193,3,S3/2
1194,2,S3/2
1195,4,S3/2
1196,2,S3/2
1197,4,S3/2
1198,2,S3/2
1199,4,S3/2
1200,7,S3/2
1201,4,S3/2
1202,6,S3/2
1203,4,S3/2
1204,1,S3/2
1205,1,S3/2
1206,1,S3/2
1207,8,S3/2
1208,0,S3/2
1209,3,S3/2
1210,1,S3/2
1211,0,S3/2
1212,6,S3/2
1213,3,S3/2
1214,2,S3/2
1215,3,S3/2
1216,5,S3/2
1217,2,S3/2
1218,0,S3/2
1219,2,S3/2
1220,5,S3/2
1221,1,S3/2
1222,1,S3/2
1223,4,S3/2
1224,4,S3/2
1225,3,S3/2
1226,3,S3/2
1227,3,S3/2
1228,1,S3/2
1229,1,S3/2
1230,4,S3/2
1231,1,S3/2
1232,1,S3/2
1233,1,S3/2
1234,0,S3/2
1235,2,S3/2
1236,0,S3/2
1237,3,S3/2
1238,2,S3/2
1239,0,S3/2
1240,2,S3/2
1241,4,S3/2
1242,3,S3/2
1243,1,S3/2
1244,3,S3/2
1245,5,S3/2
1246,2,S3/2
1247,5,S3/2
1248,4,S3/2
1249,2,S3/2
1250,4,S3/2
1251,2,S3/2
1252,5,S3/2
1253,2,S3/2
1254,1,S3/2
1255,4,S3/2
1256,2,S3/2
1257,7,S3/2
1258,2,S3/2
1259,7,S3/2
1260,4,S3/2
1261,4,S3/2
1262,3,S3/2
1263,9,S3/2
1264,6,S3/2
1265,7,S3/2
1266,4,S3/2
1267,3,S3/2
1268,4,S3/2
1269,0,S3/2
1270,0,S3/2
1271,5,S3/2
1272,0,S3/2
1273,5,S3/2
1274,4,S3/2
1275,7,S3/2
1276,6,S3/2
1277,7,S3/2
1278,2,S3/2
1279,2,S3/2
1280,7,S3/2
1281,7,S3/2
1282,5,S3/2
1283,1,S3/2
1284,1,S3/2
1285,2,S3/2
1286,3,S3/2
1287,1,S3/2
1288,5,S3/2
1289,1,S3/2
1290,1,S3/2
1291,6,S3/2
1292,4,S3/2
1293,4,S3/2
1294,4,S3/2
1295,11,S3/2
1296,2,S3/2
1297,5,S3/2
1298,3,S3/2
1299,3,S3/2
1300,1,S3/2
1301,4,S3/2
1302,5,S3/2
1303,1,S3/2
1304,4,S3/2
1305,3,S3/2
1306,3,S3/2
1307,5,S3/2
1308,7,S3/2
1309,2,S3/2
1310,1,S3/2
1311,1,S3/2
1312,6,S3/2
1313,5,S3/2
1314,3,S3/2
1315,4,S3/2
1316,5,S3/2
1317,4,S3/2
1318,3,S3/2
1319,5,S3/2
1320,0,S3/2
1321,0,S3/2
1322,7,S3/2
1323,0,S3/2
1324,1,S3/2
1325,4,S3/2
1326,2,S3/2
1327,3,S3/2
1328,0,S3/2
1329,5,S3/2
1330,4,S3/2
1331,5,S3/2
1332,6,S3/2
1333,3,S3/2
1334,1,S3/2
1335,1,S3/2
1336,2,S3/2
1337,6,S3/2
1338,6,S3/2
1339,8,S3/2
1340,1,S3/2
1341,6,S3/2
1342,3,S3/2
1343,4,S3/2
1344,2,S3/2
1345,3,S3/2
1346,3,S3/2
1347,3,S3/2
1348,2,S3/2
1349,1,S3/2
1350,8,S3/2
1351,1,S3/2
1352,9,S3/2
1353,5,S3/2
1354,11,S3/2
1355,5,S3/2
1356,4,S3/2
1357,7,S3/2
1358,0,S3/2
1359,4,S3/2
1360,4,S3/2
1361,1,S3/2
1362,1,S3/2
1363,0,S3/2
1364,3,S3/2
1365,4,S3/2
1366,2,S3/2
1367,0,S3/2
1368,4,S3/2
1369,5,S3/2
1370,3,S3/2
1371,5,S3/2
1372,3,S3/2
1373,2,S3/2
1374,1,S3/2
1375,2,S3/2
1376,4,S3/2
1377,5,S3/2
1378,2,S3/2
1379,5,S3/2
1380,9,S3/2
1381,1,S3/2
1382,2,S3/2
1383,3,S3/2
1384,0,S3/2
1385,1,S3/2
1386,3,S3/2
1387,1,S3/2
1388,5,S3/2
1389,3,S3/2
1390,7,S3/2
1391,4,S3/2
1392,3,S3/2
1393,5,S3/2
1394,3,S3/2
1395,2,S3/2
1396,5,S3/2
1397,4,S3/2
1398,6,S3/2
1399,4,S3/2
1400,4,S3/2
1401,6,S3/2
1402,3,S3/2
1403,3,S3/2
1404,3,S3/2
1405,0,S3/2
1406,7,S3/2
1407,3,S3/2
1408,5,S3/2
1409,1,S3/2
1410,3,S3/2
1411,5,S3/2
1412,7,S3/2
1413,6,S3/2
1414,2,S3/2
1415,4,S3/2
1416,2,S3/2
1417,3,S3/2
1418,9,S3/2
1419,2,S3/2
1420,1,S3/2
1421,2,S3/2
1422,5,S3/2
1423,2,S3/2
1424,5,S3/2
1425,4,S3/2
1426,1,S3/2
1427,5,S3/2
1428,0,S3/2
1429,5,S3/2
1430,4,S3/2
1431,0,S3/2
1432,3,S3/2
1433,6,S3/2
1434,0,S3/2
1435,3,S3/2
1436,1,S3/2
1437,5,S3/2
1438,5,S3/2
1439,5,S3/2
1440,8,S3/2
1441,3,S3/2
1442,3,S3/2
1443,2,S3/2
1444,1,S3/2
1445,0,S3/2
1446,2,S3/2
1447,3,S3/2
1448,1,S3/2
1449,6,S3/2
1450,4,S3/2
1451,1,S3/2
1452,9,S3/2
1453,3,S3/2
1454,8,S3/2
1455,1,S3/2
1456,3,S3/2
1457,2,S3/2
1458,2,S3/2
1459,3,S3/2
1460,1,S3/2
1461,3,S3/2
1462,5,S3/2
1463,2,S3/2
1464,3,S3/2
1465,3,S3/2
1466,3,S3/2
1467,4,S3/2
1468,4,S3/2
1469,7,S3/2
1470,2,S3/2
1471,3,S3/2
1472,6,S3/2
1473,3,S3/2
1474,1,S3/2
1475,5,S3/2
1476,3,S3/2
1477,4,S3/2
1478,9,S3/2
1479,1,S3/2
1480,7,S3/2
1481,6,S3/2
1482,0,S3/2
1483,1,S3/2
1484,6,S3/2
1485,2,S3/2
1486,13,S3/2
1487,4,S3/2
1488,4,S3/2
1489,7,S3/2
1490,5,S3/2
1491,4,S3/2
1492,10,S3/2
1493,4,S3/2
1494,2,S3/2
1495,4,S3/2
1496,7,S3/2
1497,5,S3/2
1498,6,S3/2
1499,10,S3/2
1500,5,S3/2
1501,2,S3/2
1502,6,S3/2
1503,3,S3/2
1504,5,S3/2
1505,4,S3/2
1506,0,S3/2
1507,1,S3/2
1508,6,S3/2
1509,1,S3/2
1510,1,S3/2
1511,1,S3/2
1512,10,S3/2
1513,4,S3/2
1514,2,S3/2
1515,2,S3/2
1516,6,S3/2
1517,6,S3/2
1518,5,S3/2
1519,5,S3/2
1520,3,S3/2
1521,0,S3/2
1522,5,S3/2
1523,3,S3/2
1524,2,S3/2
1525,4,S3/2
1526,5,S3/2
1527,2,S3/2
1528,3,S3/2
1529,0,S3/2
1530,1,S3/2
1531,2,S3/2
1532,5,S3/2
1533,2,S3/2
1534,1,S3/2
1535,4,S3/2
1536,5,S3/2
1537,5,S3/2
1538,1,S3/2
1539,4,S3/2
1540,5,S3/2
1541,5,S3/2
1542,2,S3/2
1543,1,S3/2
1544,4,S3/2
1545,8,S3/2
1546,4,S3/2
1547,3,S3/2
1548,8,S3/2
1549,5,S3/2
1550,1,S3/2
1551,3,S3/2
1552,2,S3/2
1553,0,S3/2
1554,3,S3/2
1555,5,S3/2
1556,7,S3/2
1557,1,S3/2
1558,5,S3/2
1559,5,S3/2
1560,5,S3/2
1561,3,S3/2
1562,0,S3/2
1563,1,S3/2
1564,6,S3/2
1565,1,S3/2
1566,1,S3/2
1567,6,S3/2
1568,7,S3/2
1569,1,S3/2
1570,7,S3/2
1571,2,S3/2
1572,2,S3/2
1573,5,S3/2
1574,5,S3/2
1575,10,S3/2
1576,11,S3/2
1577,6,S3/2
1578,5,S3/2
1579,7,S3/2
1580,1,S3/2
1581,5,S3/2
1582,1,S3/2
1583,6,S3/2
1584,7,S3/2
1585,1,S3/2
1586,3,S3/2
1587,0,S3/2
1588,0,S3/2
1589,2,S3/2
1590,8,S3/2
1591,6,S3/2
1592,6,S3/2
1593,9,S3/2
1594,3,S3/2
1595,5,S3/2
1596,2,S3/2
1597,3,S3/2
1598,6,S3/2
1599,2,S3/2
1600,2,S3/2
1601,2,S3/2
1602,5,S3/2
1603,6,S3/2
1604,0,S3/2
1605,4,S3/2
1606,3,S3/2
1607,2,S3/2
1608,2,S3/2
1609,0,S3/2
1610,6,S3/2
1611,7,S3/2
1612,2,S3/2
1613,5,S3/2
1614,5,S3/2
1615,4,S3/2
1616,5,S3/2
1617,4,S3/2
1618,6,S3/2
1619,2,S3/2
1620,8,S3/2
1621,4,S3/2
1622,4,S3/2
1623,5,S3/2
1624,2,S3/2
1625,5,S3/2
1626,7,S3/2
1627,1,S3/2
1628,0,S3/2
1629,1,S3/2
1630,8,S3/2
1631,3,S3/2
1632,7,S3/2
1633,2,S3/2
1634,1,S3/2
1635,4,S3/2
1636,8,S3/2
1637,3,S3/2
1638,3,S3/2
1639,0,S3/2
1640,3,S3/2
1641,6,S3/2
1642,4,S3/2
1643,7,S3/2
1644,10,S3/2
1645,3,S3/2
1646,8,S3/2
1647,3,S3/2
1648,6,S3/2
1649,0,S3/2
1650,4,S3/2
1651,1,S3/2
1652,4,S3/2
1653,3,S3/2
1654,5,S3/2
1655,1,S3/2
1656,0,S3/2
1657,6,S3/2
1658,1,S3/2
1659,2,S3/2
1660,3,S3/2
1661,3,S3/2
1662,2,S3/2
1663,3,S3/2
1664,3,S3/2
1665,1,S3/2
1666,3,S3/2
1667,3,S3/2
1668,1,S3/2
1669,4,S3/2
1670,1,S3/2
1671,1,S3/2
1672,1,S3/2
1673,4,S3/2
1674,5,S3/2
1675,2,S3/2
1676,0,S3/2
1677,2,S3/2
1678,2,S3/2
1679,0,S3/2
1680,2,S3/2
1681,5,S3/2
1682,1,S3/2
1683,7,S3/2
1684,2,S3/2
1685,5,S3/2
1686,6,S3/2
1687,1,S3/2
1688,3,S3/2
1689,4,S3/2
1690,0,S3/2
1691,3,S3/2
1692,5,S3/2
1693,2,S3/2
1694,3,S3/2
1695,1,S3/2
1696,0,S3/2
1697,0,S3/2
1698,0,S3/2
1699,2,S3/2
1700,0,S3/2
1701,6,S3/2
1702,3,S3/2
1703,3,S3/2
1704,3,S3/2
1705,3,S3/2
1706,0,S3/2
1707,4,S3/2
1708,1,S3/2
1709,4,S3/2
1710,4,S3/2
1711,5,S3/2
1712,1,S3/2
1713,0,S3/2
1714,2,S3/2
1715,0,S3/2
1716,2,S3/2
1717,2,S3/2
1718,4,S3/2
1719,4,S3/2
1720,1,S3/2
1721,3,S3/2
1722,2,S3/2
1723,2,S3/2
1724,3,S3/2
1725,5,S3/2
1726,4,S3/2
1727,4,S3/2
1728,4,S3/2
1729,4,S3/2
1730,4,S3/2
1731,5,S3/2
1732,2,S3/2
1733,5,S3/2
1734,3,S3/2
1735,1,S3/2
1736,14,S3/2
1737,4,S3/2
1738,0,S3/2
1739,0,S3/2
1740,3,S3/2
1741,1,S3/2
1742,1,S3/2
1743,1,S3/2
1744,0,S3/2
1745,5,S3/2
1746,0,S3/2
1747,2,S3/2
1748,2,S3/2
1749,4,S3/2
1750,4,S3/2
1751,2,S3/2
1752,4,S3/2
1753,6,S3/2
1754,0,S3/2
1755,3,S3/2
1756,2,S3/2
1757,7,S3/2
1758,3,S3/2
1759,4,S3/2
1760,3,S3/2
1761,2,S3/2
1762,5,S3/2
1763,1,S3/2
1764,0,S3/2
1765,3,S3/2
1766,1,S3/2
1767,3,S3/2
1768,0,S3/2
1769,3,S3/2
1770,1,S3/2
1771,0,S3/2
1772,2,S3/2
1773,3,S3/2
1774,3,S3/2
1775,7,S3/2
1776,4,S3/2
1777,4,S3/2
1778,3,S3/2
1779,0,S3/2
1780,1,S3/2
1781,4,S3/2
1782,1,S3/2
1783,7,S3/2
1784,4,S3/2
1785,1,S3/2
1786,6,S3/2
1787,2,S3/2
1788,3,S3/2
1789,2,S3/2
1790,2,S3/2
1791,3,S3/2
1792,2,S3/2
1793,0,S3/2
1794,0,S3/2
1795,1,S3/2
1796,2,S3/2
1797,0,S3/2
1798,3,S3/2
1799,1,S3/2
1800,6,S3/2
1801,3,S3/2
1802,5,S3/2
1803,1,S3/2
1804,0,S3/2
1805,4,S3/2
1806,2,S3/2
1807,0,S3/2
1808,5,S3/2
1809,0,S3/2
1810,6,S3/2
1811,6,S3/2
1812,2,S3/2
1813,2,S3/2
1814,3,S3/2
1815,9,S3/2
1816,5,S3/2
1817,0,S3/2
1818,4,S3/2
1819,1,S3/2
1820,0,S3/2
1821,2,S3/2
1822,0,S3/2
1823,4,S3/2
1824,2,S3/2
1825,6,S3/2
1826,3,S3/2
1827,2,S3/2
1828,3,S3/2
1829,0,S3/2
1830,4,S3/2
1831,1,S3/2
1832,0,S3/2
1833,4,S3/2
1834,3,S3/2
1835,4,S3/2
1836,4,S3/2
1837,0,S3/2
1838,3,S3/2
1839,0,S3/2
1840,2,S3/2
1841,1,S3/2
1842,2,S3/2
1843,6,S3/2
1844,5,S3/2
1845,1,S3/2
1846,3,S3/2
1847,5,S3/2
1848,3,S3/2
1849,0,S3/2
1850,0,S3/2
1851,4,S3/2
1852,4,S3/2
1853,4,S3/2
1854,2,S3/2
1855,8,S3/2
1856,1,S3/2
1857,2,S3/2
1858,1,S3/2
1859,0,S3/2
1860,1,S3/2
1861,2,S3/2
1862,1,S3/2
1863,3,S3/2
1864,1,S3/2
1865,3,S3/2
1866,4,S3/2
1867,3,S3/2
1868,9,S3/2
1869,6,S3/2
1870,6,S3/2
1871,2,S3/2
1872,0,S3/2
1873,4,S3/2
1874,1,S3/2
1875,1,S3/2
1876,5,S3/2
1877,2,S3/2
1878,4,S3/2
1879,1,S3/2
1880,5,S3/2
1881,1,S3/2
1882,3,S3/2
1883,4,S3/2
1884,4,S3/2
1885,3,S3/2
1886,1,S3/2
1887,2,S3/2
1888,3,S3/2
1889,2,S3/2
1890,0,S3/2
1891,2,S3/2
1892,4,S3/2
1893,4,S3/2
1894,3,S3/2
1895,3,S3/2
1896,3,S3/2
1897,1,S3/2
1898,4,S3/2
1899,2,S3/2
1900,3,S3/2
1901,0,S3/2
1902,0,S3/2
1903,3,S3/2
1904,2,S3/2
1905,6,S3/2
1906,5,S3/2
1907,2,S3/2
1908,0,S3/2
1909,2,S3/2
1910,1,S3/2
1911,4,S3/2
1912,2,S3/2
1913,2,S3/2
1914,0,S3/2
1915,2,S3/2
1916,3,S3/2
1917,0,S3/2
1918,0,S3/2
1919,0,S3/2
1920,3,S3/2
1921,2,S3/2
1922,2,S3/2
1923,3,S3/2
1924,8,S3/2
1925,2,S3/2
1926,0,S3/2
1927,3,S3/2
1928,1,S3/2
1929,0,S3/2
1930,4,S3/2
1931,3,S3/2
1932,0,S3/2
1933,2,S3/2
1934,1,S3/2
1935,5,S3/2
1936,8,S3/2
1937,4,S3/2
1938,9,S3/2
1939,8,S3/2
1940,5,S3/2
1941,3,S3/2
1942,11,S3/2
1943,6,S3/2
1944,3,S3/2
1945,6,S3/2
1946,0,S3/2
1947,4,S3/2
1948,3,S3/2
1949,2,S3/2
1950,1,S3/2
1951,6,S3/2
1952,3,S3/2
1953,8,S3/2
1954,4,S3/2
1955,6,S3/2
1956,4,S3/2
1957,4,S3/2
1958,2,S3/2
1959,7,S3/2
1960,4,S3/2
1961,7,S3/2
1962,2,S3/2
1963,4,S3/2
1964,11,S3/2
1965,1,S3/2
1966,1,S3/2
1967,2,S3/2
1968,1,S3/2
1969,4,S3/2
1970,2,S3/2
1971,1,S3/2
1972,6,S3/2
1973,6,S3/2
1974,1,S3/2
1975,10,S3/2
1976,5,S3/2
1977,3,S3/2
1978,3,S3/2
1979,4,S3/2
1980,10,S3/2
1981,2,S3/2
1982,3,S3/2
1983,2,S3/2
1984,2,S3/2
1985,5,S3/2
1986,2,S3/2
1987,5,S3/2
1988,3,S3/2
1989,10,S3/2
1990,1,S3/2
1991,3,S3/2
1992,8,S3/2
1993,2,S3/2
1994,2,S3/2
1995,2,S3/2
1996,3,S3/2
1997,2,S3/2
1998,2,S3/2
1999,8,S3/2
2000,7,S3/2
2001,1,S3/2
2002,4,S3/2
2003,6,S3/2
2004,4,S3/2
2005,7,S3/2
2006,6,S3/2
2007,3,S3/2
2008,0,S3/2
2009,3,S3/2
2010,4,S3/2
2011,2,S3/2
2012,4,S3/2
2013,2,S3/2
2014,1,S3/2
2015,5,S3/2
2016,2,S3/2
2017,0,S3/2
2018,3,S3/2
2019,1,S3/2
2020,3,S3/2
2021,0,S3/2
2022,4,S3/2
2023,3,S3/2
2024,1,S3/2
2025,2,S3/2
2026,2,S3/2
2027,5,S3/2
2028,2,S3/2
2029,1,S3/2
2030,4,S3/2
2031,2,S3/2
2032,2,S3/2
2033,0,S3/2
2034,6,S3/2
2035,4,S3/2
2036,1,S3/2
2037,1,S3/2
2038,2,S3/2
2039,2,S3/2
2040,12,S3/2
2041,0,S3/2
2042,4,S3/2
2043,8,S3/2
2044,0,S3/2
2045,7,S3/2
2046,4,S3/2
2047,4,S3/2
2048,5,S3/2
2049,4,S3/2
2050,4,S3/2
2051,2,S3/2
2052,10,S3/2
2053,3,S3/2
2054,5,S3/2
2055,3,S3/2
2056,0,S3/2
2057,2,S3/2
2058,6,S3/2
2059,4,S3/2
2060,4,S3/2
2061,4,S3/2
2062,5,S3/2
2063,7,S3/2
2064,1,S3/2
2065,9,S3/2
2066,4,S3/2
2067,2,S3/2
2068,1,S3/2
2069,7,S3/2
2070,6,S3/2
2071,3,S3/2
2072,6,S3/2
2073,4,S3/2
2074,8,S3/2
2075,2,S3/2
2076,9,S3/2
2077,3,S3/2
2078,1,S3/2
2079,3,S3/2
2080,5,S3/2
2081,6,S3/2
2082,5,S3/2
2083,5,S3/2
2084,3,S3/2
2085,6,S3/2
2086,3,S3/2
2087,0,S3/2
2088,5,S3/2
2089,6,S3/2
2090,3,S3/2
2091,9,S3/2
2092,4,S3/2
2093,3,S3/2
2094,2,S3/2
2095,2,S3/2
2096,1,S3/2
2097,6,S3/2
2098,0,S3/2
2099,3,S3/2
2100,1,S3/2
2101,0,S3/2
2102,3,S3/2
2103,1,S3/2
2104,2,S3/2
2105,6,S3/2
2106,4,S3/2
2107,8,S3/2
2108,6,S3/2
2109,4,S3/2
2110,4,S3/2
2111,6,S3/2
2112,1,S3/2
2113,3,S3/2
2114,4,S3/2
2115,4,S3/2
2116,7,S3/2
2117,6,S3/2
2118,6,S3/2
2119,4,S3/2
2120,4,S3/2
2121,4,S3/2
2122,3,S3/2
2123,3,S3/2
2124,3,S3/2
2125,4,S3/2
2126,2,S3/2
2127,5,S3/2
2128,4,S3/2
2129,2,S3/2
2130,0,S3/2
2131,0,S3/2
2132,0,S3/2
2133,7,S3/2
2134,8,S3/2
2135,0,S3/2
2136,3,S3/2
2137,3,S3/2
2138,2,S3/2
2139,2,S3/2
2140,4,S3/2
2141,4,S3/2
2142,3,S3/2
2143,0,S3/2
2144,3,S3/2
2145,5,S3/2
2146,2,S3/2
2147,5,S3/2
2148,5,S3/2
2149,4,S3/2
2150,3,S3/2
2151,1,S3/2
2152,1,S3/2
2153,3,S3/2
2154,8,S3/2
2155,6,S3/2
2156,3,S3/2
2157,6,S3/2
2158,2,S3/2
2159,4,S3/2
2160,1,S3/2
2161,5,S3/2
2162,4,S3/2
2163,3,S3/2
2164,1,S3/2
2165,4,S3/2
2166,1,S3/2
2167,6,S3/2
2168,3,S3/2
2169,4,S3/2
2170,6,S3/2
2171,2,S3/2
2172,3,S3/2
2173,10,S3/2
2174,6,S3/2
2175,2,S3/2
2176,4,S3/2
2177,6,S3/2
2178,2,S3/2
2179,2,S3/2
2180,3,S3/2
2181,2,S3/2
2182,5,S3/2
2183,9,S3/2
2184,5,S3/2
2185,8,S3/2
2186,1,S3/2
2187,5,S3/2
2188,5,S3/2
2189,2,S3/2
2190,3,S3/2
2191,4,S3/2
2192,5,S3/2
2193,5,S3/2
2194,2,S3/2
2195,5,S3/2
2196,5,S3/2
2197,5,S3/2
2198,4,S3/2
2199,5,S3/2
2200,3,S3/2
2201,1,S3/2
2202,1,S3/2
2203,3,S3/2
2204,2,S3/2
2205,5,S3/2
2206,6,S3/2
2207,6,S3/2
2208,0,S3/2
2209,7,S3/2
2210,2,S3/2
2211,3,S3/2
2212,4,S3/2
2213,4,S3/2
2214,7,S3/2
2215,4,S3/2
2216,3,S3/2
2217,8,S3/2
2218,4,S3/2
2219,2,S3/2
2220,2,S3/2
2221,5,S3/2
2222,2,S3/2
2223,6,S3/2
2224,2,S3/2
2225,4,S3/2
2226,3,S3/2
2227,1,S3/2
2228,7,S3/2
2229,2,S3/2
2230,6,S3/2
2231,4,S3/2
2232,6,S3/2
2233,9,S3/2
2234,9,S3/2
2235,10,S3/2
2236,5,S3/2
2237,2,S3/2
2238,8,S3/2
2239,1,S3/2
2240,2,S3/2
2241,7,S3/2
2242,4,S3/2
2243,8,S3/2
2244,3,S3/2
2245,8,S3/2
2246,0,S3/2
2247,5,S3/2
2248,1,S3/2
2249,6,S3/2
2250,3,S3/2
2251,5,S3/2
2252,2,S3/2
2253,4,S3/2
2254,5,S3/2
2255,6,S3/2
2256,7,S3/2
2257,2,S3/2
2258,5,S3/2
2259,3,S3/2
2260,4,S3/2
2261,10,S3/2
2262,8,S3/2
2263,2,S3/2
2264,2,S3/2
2265,2,S3/2
2266,2,S3/2
2267,4,S3/2
2268,5,S3/2
2269,4,S3/2
2270,4,S3/2
2271,5,S3/2
2272,5,S3/2
2273,5,S3/2
2274,3,S3/2
2275,2,S3/2
2276,5,S3/2
2277,5,S3/2
2278,3,S3/2
2279,4,S3/2
2280,1,S3/2
2281,2,S3/2
2282,5,S3/2
2283,3,S3/2
2284,2,S3/2
2285,1,S3/2
2286,6,S3/2
2287,6,S3/2
2288,3,S3/2
2289,3,S3/2
2290,1,S3/2
2291,4,S3/2
2292,1,S3/2
2293,4,S3/2
2294,5,S3/2
2295,3,S3/2
2296,2,S3/2
2297,4,S3/2
2298,5,S3/2
2299,0,S3/2
2300,7,S3/2
2301,5,S3/2
2302,6,S3/2
2303,2,S3/2
2304,6,S3/2
2305,3,S3/2
2306,3,S3/2
2307,5,S3/2
2308,4,S3/2
2309,1,S3/2
2310,4,S3/2
2311,5,S3/2
2312,5,S3/2
2313,6,S3/2
2314,3,S3/2
2315,3,S3/2
2316,2,S3/2
2317,3,S3/2
2318,3,S3/2
2319,4,S3/2
2320,3,S3/2
2321,5,S3/2
2322,2,S3/2
2323,2,S3/2
2324,2,S3/2
2325,1,S3/2
2326,4,S3/2
2327,1,S3/2
2328,4,S3/2
2329,5,S3/2
2330,5,S3/2
2331,3,S3/2
2332,3,S3/2
2333,3,S3/2
2334,5,S3/2
2335,3,S3/2
2336,8,S3/2
2337,4,S3/2
2338,2,S3/2
2339,2,S3/2
2340,3,S3/2
2341,2,S3/2
2342,5,S3/2
2343,5,S3/2
2344,6,S3/2
2345,4,S3/2
2346,2,S3/2
2347,3,S3/2
2348,3,S3/2
2349,2,S3/2
2350,3,S3/2
2351,4,S3/2
2352,3,S3/2
2353,3,S3/2
2354,4,S3/2
2355,3,S3/2
2356,4,S3/2
2357,4,S3/2
2358,4,S3/2
2359,5,S3/2
2360,4,S3/2
2361,5,S3/2
2362,5,S3/2
2363,3,S3/2
2364,7,S3/2